2004-09-15 08:12:33,-53,-45,-48,-51,-21,-5,-7,-12,12,6,7,7,18,22,15,21,13,23,42,47,32,32,87,51,52,66,59,75,70,63,82,66,80,83,82,93,97,69,88,88,90,113,99,127,118,109,110,137,137,97
2004-09-15 08:12:34,126,132,128,140,99,136,109,131,119,115,139,136,124,143,115,117,137,128,119,136,120,122,128,137,148,131,144,146,147,138,124,138,143,137,114,155,145,141,130,136,124,140,146,135,106,143,142,174,203,223
2004-09-15 08:12:35,256,273,308,346,367,367,401,407,417,403,411,422,413,432,398,415,417,408,422,421,420,405,410,422,423,426,403,414,426,397,417,361,346,265,216,171,145,156,138,141,129,148,166,131,128,138,148,154,119,24
2004-09-15 08:12:36,-13,-71,-126,-159,-124,-120,-125,-106,-121,-93,-71,-89,-74,-82,-66,-78,-52,-41,-45,-40,-22,-33,-14,1,-6,-19,13,-9,23,12,22,20,33,34,38,29,42,36,43,48,67,55,59,78,79,83,55,70,86,79
2004-09-15 08:12:37,85,82,117,96,92,97,93,101,111,84,74,113,109,113,124,111,98,119,109,121,114,106,113,124,165,133,127,114,116,112,129,136,131,134,146,128,113,115,123,139,137,121,136,133,119,119,147,121,125,125
2004-09-15 08:12:38,127,132,129,148,136,130,104,127,122,131,113,118,137,152,153,192,214,240,286,320,343,377,391,388,413,402,413,412,413,400,409,428,423,417,402,418,404,423,440,426,422,420,415,413,412,428,407,399,367,324
2004-09-15 08:12:39,271,215,163,132,150,133,155,145,122,131,150,139,143,141,124,118,27,3,-63,-125,-141,-137,-134,-116,-124,-87,-105,-97,-86,-98,-72,-61,-47,-38,-70,-55,-24,-37,-17,-11,-5,-3,-8,4,-4,25,18,15,32,43
2004-09-15 08:12:40,12,37,35,45,28,52,61,70,41,71,44,71,71,59,68,65,68,81,96,79,91,95,97,121,91,101,87,94,111,106,117,106,115,122,120,106,91,106,98,121,121,105,133,129,142,122,123,127,128,139
2004-09-15 08:12:41,118,136,120,131,116,154,112,124,135,108,149,127,122,113,121,130,116,116,120,117,127,136,138,151,133,145,125,138,145,156,145,177,208,232,270,290,304,321,361,391,386,408,411,407,416,409,410,420,416,426
2004-09-15 08:12:42,415,408,416,406,407,402,416,410,402,428,426,427,395,424,380,346,325,265,197,171,130,146,136,141,121,129,148,153,168,145,145,107,76,33,-8,-98,-131,-145,-119,-119,-119,-121,-109,-97,-90,-92,-96,-66,-76,-53
2004-09-15 08:12:43,-55,-42,-38,-29,-33,-31,-32,-6,-24,-11,-1,18,5,8,33,26,26,33,29,14,48,28,48,42,54,47,48,68,44,65,61,76,76,80,76,63,90,88,96,92,86,85,93,97,106,112,117,91,120,142
2004-09-15 08:12:44,118,112,104,117,106,104,115,119,118,118,116,100,109,114,133,115,137,107,129,112,109,136,123,152,128,145,136,137,138,141,132,124,138,153,134,132,132,122,133,131,131,130,131,134,103,138,162,159,171,202
2004-09-15 08:12:45,226,245,292,328,330,351,381,388,418,405,397,404,409,406,408,420,408,428,435,402,414,396,422,411,400,439,416,418,415,414,399,399,362,245,204,176,143,133,148,135,148,146,150,124,125,114,140,139,104,83
2004-09-15 08:12:46,25,-50,-122,-148,-127,-140,-117,-128,-111,-107,-86,-99,-80,-84,-64,-67,-67,-48,-53,-41,-45,-43,-18,-12,3,-8,18,16,4,3,8,4,33,27,34,11,29,50,54,67,37,68,42,67,60,85,81,85,87,72
2004-09-15 08:12:47,75,85,83,89,99,84,89,87,110,93,87,80,115,98,84,115,107,121,122,93,114,104,140,137,128,121,123,137,127,99,111,141,121,126,108,140,130,137,126,123,122,109,117,102,138,128,120,112,118,117
2004-09-15 08:12:48,119,112,124,124,142,155,139,150,132,127,130,138,129,137,154,174,203,247,251,299,335,352,350,378,387,397,386,406,399,385,399,414,407,420,418,425,419,416,437,423,419,424,414,406,423,412,429,409,426,349
2004-09-15 08:12:49,268,195,171,147,108,152,148,140,136,127,132,152,136,132,128,101,59,16,-98,-103,-144,-144,-126,-134,-122,-101,-85,-94,-86,-68,-59,-49,-72,-56,-71,-51,-42,-15,-28,-24,-21,-16,-21,-5,-3,-1,13,0,30,11
2004-09-15 08:12:50,25,32,36,35,51,53,39,33,56,40,43,74,55,56,80,72,75,74,69,75,89,101,93,87,95,90,79,99,106,85,113,97,95,110,107,111,133,153,110,106,111,124,108,119,140,122,115,108,120,130
2004-09-15 08:12:51,123,113,107,117,138,105,99,128,110,140,133,130,98,125,117,125,120,138,120,126,142,140,122,126,119,137,140,121,134,157,150,137,167,212,256,288,291,325,334,374,371,404,391,393,393,400,423,401,417,410
2004-09-15 08:12:52,408,424,415,408,414,395,428,414,409,416,415,403,417,424,412,381,305,230,224,165,171,153,162,130,145,120,138,140,151,151,134,145,75,20,-27,-72,-111,-123,-144,-124,-119,-91,-106,-107,-84,-85,-80,-74,-55,-70
2004-09-15 08:12:53,-64,-46,-58,-31,-47,-27,-39,-20,-17,-12,4,21,0,-6,15,11,-5,17,23,29,47,42,54,32,57,45,70,85,55,62,69,68,67,74,76,71,85,79,75,102,93,76,96,81,90,72,102,96,107,123
2004-09-15 08:12:54,91,84,109,116,120,99,121,108,132,113,132,120,120,122,134,131,154,129,140,130,145,127,137,115,136,125,100,121,130,119,128,149,128,111,117,125,117,122,146,113,144,99,146,133,124,141,140,137,155,178
2004-09-15 08:12:55,230,240,280,333,309,357,368,372,400,413,398,403,411,408,401,398,409,406,424,417,400,401,416,402,398,387,421,418,416,418,409,393,354,329,279,203,159,144,137,155,145,143,137,140,121,134,124,135,125,89
2004-09-15 08:12:56,43,-11,-95,-141,-203,-145,-142,-137,-104,-100,-111,-100,-98,-90,-85,-67,-60,-46,-47,-32,-36,-34,-28,-24,-21,-14,-23,20,8,10,2,14,7,3,45,55,29,24,38,44,36,47,37,74,61,76,73,85,72,77
2004-09-15 08:12:57,62,85,71,62,88,79,76,87,81,92,83,91,92,79,92,95,99,104,96,105,96,112,129,139,120,92,125,127,134,148,139,121,132,119,107,133,114,131,116,128,130,120,123,109,116,110,110,113,156,129
2004-09-15 08:12:58,131,119,128,100,124,132,111,140,111,143,128,121,146,126,135,162,186,217,268,292,325,320,344,375,377,421,408,389,391,406,429,410,436,404,407,417,410,409,417,411,416,423,415,403,420,413,399,407,372,344
2004-09-15 08:12:59,318,271,183,141,125,134,147,135,134,137,149,151,135,126,131,134,98,12,-65,-78,-143,-148,-144,-140,-128,-132,-120,-115,-74,-79,-75,-75,-88,-48,-72,-50,-64,-40,-49,-30,-29,-20,-30,-9,-14,-14,5,23,4,10
2004-09-15 08:13:00,10,0,34,53,21,30,57,44,50,57,32,57,60,61,65,51,70,82,63,53,88,71,82,96,76,83,92,115,105,98,94,115,120,102,101,119,107,112,118,119,107,123,110,120,117,125,99,114,128,150
2004-09-15 08:13:01,101,95,127,109,114,116,117,126,108,118,118,112,110,108,119,115,138,141,124,113,103,131,142,132,151,134,125,121,108,121,134,154,161,209,246,256,281,307,347,361,364,400,414,397,393,388,417,401,416,409
2004-09-15 08:13:02,413,405,401,407,404,421,419,414,415,400,402,393,404,416,403,402,336,248,234,147,144,153,148,143,134,134,150,127,131,140,150,129,127,36,1,-55,-117,-130,-139,-143,-129,-123,-128,-115,-105,-88,-79,-74,-63,-71
2004-09-15 08:13:03,-55,-65,-36,-48,-56,-59,-47,-16,-23,-40,-24,-26,-13,8,2,23,25,2,16,22,37,21,42,50,50,63,60,52,51,43,37,74,82,73,68,77,66,71,94,88,95,77,97,110,97,73,87,95,82,83
2004-09-15 08:13:04,101,90,92,107,81,115,108,95,97,113,121,123,117,120,112,115,109,116,118,118,120,124,123,97,115,109,127,128,123,120,128,151,106,121,120,132,142,103,113,128,113,129,121,131,113,124,120,147,164,179
2004-09-15 08:13:05,207,221,266,306,315,352,363,382,387,398,395,415,387,398,407,419,393,414,400,413,396,411,388,401,404,393,406,412,404,409,415,410,363,300,294,215,153,141,130,140,163,126,116,133,135,143,139,120,138,97
2004-09-15 08:13:06,61,-55,-107,-115,-148,-154,-150,-127,-131,-118,-110,-88,-118,-94,-86,-85,-56,-57,-36,-84,-59,-39,-42,-18,-24,-26,-10,-5,-21,-5,10,4,15,27,10,21,43,10,30,49,41,34,42,55,49,19,58,57,78,45
2004-09-15 08:13:07,62,60,79,62,58,91,92,59,89,77,84,95,85,92,102,111,96,73,114,98,98,117,95,120,132,114,103,133,132,109,131,121,132,120,125,125,122,109,135,128,104,128,104,99,113,119,108,116,125,113
2004-09-15 08:13:08,120,112,127,107,112,132,135,127,108,131,150,131,128,144,145,156,179,220,234,276,327,305,346,368,386,394,407,399,410,393,424,398,416,414,395,396,419,396,406,412,408,394,395,405,407,419,419,390,382,371
2004-09-15 08:13:09,322,263,208,166,127,131,123,132,125,140,137,124,123,134,133,128,110,26,-34,-76,-112,-162,-166,-156,-134,-105,-118,-96,-121,-97,-100,-72,-65,-69,-61,-69,-57,-45,-55,-28,-39,-27,-25,-16,-33,1,22,10,-25,-6
2004-09-15 08:13:10,24,16,21,29,26,36,45,44,31,44,40,51,52,50,55,67,63,63,51,73,54,74,66,75,69,69,74,81,82,97,83,84,97,104,118,116,106,104,93,100,116,102,113,121,127,96,88,101,122,144
2004-09-15 08:13:11,109,115,104,99,115,117,108,108,117,119,127,105,104,110,136,126,107,146,121,109,122,132,127,130,131,129,127,118,125,113,130,128,131,173,199,219,288,300,315,339,373,392,385,398,384,395,388,432,394,425
2004-09-15 08:13:12,397,404,391,379,406,391,404,392,414,417,392,393,381,390,410,397,382,286,220,160,123,137,136,158,140,134,127,138,147,142,125,121,117,93,42,-23,-109,-155,-164,-144,-144,-125,-106,-107,-110,-79,-124,-85,-77,-68
2004-09-15 08:13:13,-69,-54,-58,-68,-45,-44,-49,-57,-21,-9,-8,-8,4,1,-17,15,-2,29,24,-4,33,16,11,44,45,60,44,58,48,44,55,82,67,62,55,53,65,69,91,73,83,92,91,91,89,76,73,96,81,92
2004-09-15 08:13:14,92,92,102,96,109,108,115,130,89,103,97,96,109,93,102,99,114,130,118,108,118,105,134,112,104,109,116,145,123,124,139,115,117,115,130,128,113,121,121,130,113,135,123,120,110,120,130,128,150,168
2004-09-15 08:13:15,177,200,260,289,311,323,336,383,383,399,402,410,384,402,403,402,393,385,402,409,418,395,418,422,405,413,396,400,419,413,377,418,391,371,310,249,166,130,119,107,125,148,134,131,126,121,122,135,114,115
2004-09-15 08:13:16,79,-17,-46,-101,-140,-179,-164,-151,-119,-101,-112,-111,-89,-100,-86,-88,-70,-62,-69,-87,-63,-38,-35,-42,-28,-1,-49,-32,-12,-22,-14,-11,8,22,1,30,5,34,46,41,52,45,27,41,50,54,53,63,59,46
2004-09-15 08:13:17,47,61,62,40,51,63,83,73,85,94,80,104,68,71,99,79,94,96,90,95,67,102,108,119,128,126,134,118,123,119,95,120,116,125,128,104,124,117,110,117,108,116,119,124,117,117,107,121,119,134
2004-09-15 08:13:18,116,97,124,124,118,113,116,124,114,135,111,119,111,139,142,135,148,214,218,248,285,312,327,352,364,389,383,393,383,384,395,396,401,414,404,392,400,408,395,369,418,405,388,386,401,407,396,391,406,375
2004-09-15 08:13:19,361,290,211,154,146,121,127,132,126,111,124,120,123,132,120,128,110,67,-30,-53,-119,-155,-185,-160,-148,-135,-129,-115,-109,-118,-104,-105,-81,-104,-74,-61,-63,-43,-36,-43,-45,-29,-14,-24,-7,-4,-18,9,1,7
2004-09-15 08:13:20,15,-4,3,15,21,6,50,29,39,46,33,56,33,39,50,64,55,42,76,86,84,66,67,75,68,70,68,79,103,101,84,92,103,89,86,79,90,122,65,105,115,105,111,103,113,112,125,116,122,102
2004-09-15 08:13:21,120,102,98,121,113,126,114,136,127,125,124,125,120,123,120,112,100,118,118,105,112,115,112,120,126,109,115,105,111,128,109,140,141,158,179,215,250,272,315,343,322,355,401,384,396,380,400,376,404,404
2004-09-15 08:13:22,398,398,402,413,413,386,406,386,400,394,390,387,405,410,414,386,374,297,262,226,182,110,121,104,130,137,112,126,121,129,127,131,95,95,47,-17,-83,-154,-165,-158,-132,-140,-120,-120,-118,-111,-110,-92,-100,-81
2004-09-15 08:13:23,-72,-77,-65,-57,-60,-49,-56,-38,-46,-9,-38,-37,-7,-2,-14,-6,-11,5,22,-2,21,20,37,14,61,38,41,44,45,33,56,60,66,63,68,50,72,48,70,70,53,52,92,97,94,78,65,80,109,83
2004-09-15 08:13:24,95,82,89,91,95,99,104,101,133,104,113,95,120,110,124,130,138,122,110,85,102,99,102,105,110,97,93,119,107,90,104,102,106,117,137,126,102,132,112,127,129,118,96,116,119,100,145,139,142,154
2004-09-15 08:13:25,163,186,203,265,295,319,322,359,352,379,386,404,394,420,415,402,393,390,388,397,402,405,406,395,409,398,386,405,409,385,395,400,388,364,346,242,188,153,130,99,134,126,115,134,130,106,111,133,122,76
2004-09-15 08:13:26,96,40,-28,-107,-158,-150,-156,-150,-149,-125,-111,-91,-119,-99,-85,-107,-102,-89,-81,-69,-38,-70,-43,-42,-38,-43,-5,-16,-29,-24,-8,-16,-2,-9,6,4,25,26,30,29,42,36,38,50,54,37,55,59,60,65
2004-09-15 08:13:27,58,56,67,64,64,85,68,74,90,70,71,95,106,72,85,94,93,99,83,107,91,95,77,94,76,100,130,129,104,123,103,113,113,126,121,93,109,136,113,113,101,107,128,88,114,123,119,111,110,119
2004-09-15 08:13:28,115,117,107,100,105,103,107,88,108,112,122,136,99,113,115,143,142,179,210,220,265,297,335,346,355,375,366,400,394,384,384,399,397,408,393,370,383,406,414,391,394,397,386,385,391,406,393,416,388,371
2004-09-15 08:13:29,380,334,237,193,146,127,125,129,142,170,113,102,127,83,125,115,90,81,17,-49,-108,-150,-172,-149,-154,-140,-135,-119,-116,-99,-102,-110,-87,-83,-81,-81,-62,-66,-26,-42,-23,-43,-24,-34,-33,-25,-24,0,13,-3
2004-09-15 08:13:30,-13,13,10,9,4,7,17,35,27,46,58,18,48,55,45,47,47,57,63,73,57,80,58,67,79,68,88,71,87,84,97,77,97,89,101,90,98,87,84,102,100,113,113,77,91,89,92,110,86,105
2004-09-15 08:13:31,122,97,119,106,132,112,138,92,106,117,106,124,127,102,110,109,115,111,115,79,106,111,107,117,117,128,114,112,124,120,113,112,136,139,175,190,229,283,296,348,364,361,376,392,400,384,369,385,397,378
2004-09-15 08:13:32,380,402,401,401,403,398,416,396,393,379,390,372,389,400,400,408,365,345,243,224,146,131,125,99,129,140,124,106,114,129,111,117,113,120,50,10,-53,-76,-150,-163,-173,-136,-149,-132,-117,-124,-125,-99,-97,-91
2004-09-15 08:13:33,-88,-79,-76,-49,-64,-66,-52,-34,-32,-46,-23,-20,-30,-15,-7,18,-13,9,0,-17,21,14,41,18,49,10,44,34,40,54,55,44,60,61,37,59,69,70,64,65,80,71,64,62,66,90,58,68,88,86
2004-09-15 08:13:34,89,93,87,98,99,85,104,111,95,88,111,120,136,117,105,115,116,116,93,108,88,93,103,116,100,102,115,113,130,118,107,99,94,77,111,97,112,94,99,105,132,104,96,107,108,118,116,116,123,137
2004-09-15 08:13:35,159,185,203,235,262,308,320,336,382,396,373,390,388,393,374,382,390,391,392,417,405,390,419,407,404,388,396,397,413,381,398,391,394,374,319,286,221,172,144,102,116,124,123,127,111,125,134,137,116,117
2004-09-15 08:13:36,109,64,13,-76,-142,-163,-170,-145,-153,-160,-99,-117,-91,-101,-111,-127,-83,-101,-79,-83,-63,-74,-64,-55,-39,-54,-38,-18,-30,-30,-20,-4,-20,-10,13,0,7,-3,25,30,18,16,18,29,41,42,33,37,51,63
2004-09-15 08:13:37,49,42,38,69,73,53,64,55,84,78,70,101,97,80,83,72,84,93,92,95,91,93,115,98,84,104,112,116,93,104,111,83,93,88,108,99,113,101,120,110,100,91,114,85,104,112,93,117,114,101
2004-09-15 08:13:38,117,101,120,120,126,90,99,91,105,110,111,91,120,93,102,117,136,155,170,206,228,286,295,327,342,349,371,376,387,391,391,404,387,390,398,414,413,380,408,400,391,395,388,373,408,386,388,379,402,386
2004-09-15 08:13:39,374,327,277,171,149,126,106,140,128,112,123,140,124,127,115,133,126,77,47,1,-100,-126,-146,-178,-154,-168,-145,-142,-117,-119,-119,-112,-102,-91,-103,-104,-66,-55,-47,-58,-40,-38,-26,-32,-38,-22,-11,-1,-19,16
2004-09-15 08:13:40,3,15,-3,0,2,14,15,48,45,30,33,38,40,63,45,46,49,41,53,65,65,71,65,75,54,74,84,71,74,99,88,76,77,73,99,87,80,85,100,95,70,84,69,91,82,84,96,95,99,108
2004-09-15 08:13:41,85,102,114,111,103,107,103,81,124,81,93,124,102,108,94,108,108,108,94,113,106,98,111,122,115,109,124,123,111,97,116,102,108,124,152,181,238,264,271,307,332,343,378,372,377,383,390,382,380,393
2004-09-15 08:13:42,391,389,402,394,392,403,370,396,366,395,366,412,369,407,410,394,390,353,319,274,205,147,111,104,123,130,130,125,120,132,111,135,102,90,68,55,-23,-99,-153,-156,-158,-168,-133,-149,-133,-120,-124,-94,-100,-100
2004-09-15 08:13:43,-84,-91,-72,-88,-62,-32,-54,-58,-50,-47,-28,-15,-33,-16,-18,-23,-20,-5,15,4,-13,10,25,16,24,31,36,49,42,38,47,50,55,42,53,41,53,59,41,69,73,51,52,60,66,91,88,73,80,76
2004-09-15 08:13:44,81,83,90,108,96,78,82,109,90,107,90,108,111,91,119,123,112,113,117,105,109,102,112,89,106,124,100,96,124,100,97,90,94,88,99,107,95,108,122,104,84,89,73,85,113,99,114,115,109,120
2004-09-15 08:13:45,147,167,187,209,269,293,291,319,355,368,374,373,374,378,396,384,396,358,379,401,406,405,388,388,403,393,401,381,412,390,385,384,388,386,337,300,261,180,151,120,124,112,123,125,121,122,94,120,114,121
2004-09-15 08:13:46,110,60,-12,-51,-109,-170,-170,-182,-152,-141,-138,-117,-124,-118,-86,-104,-106,-96,-79,-95,-64,-87,-45,-68,-43,-51,-49,-43,-47,-32,-14,4,-12,-18,-10,11,13,-1,-5,4,20,17,18,19,30,42,54,31,29,37
2004-09-15 08:13:47,39,41,67,54,49,41,89,64,87,61,66,96,44,85,77,72,65,96,89,97,83,83,96,84,73,89,110,117,95,79,96,99,110,96,113,95,102,104,92,106,113,101,98,84,91,106,91,117,107,100
2004-09-15 08:13:48,119,97,108,98,87,96,125,117,155,101,114,131,108,92,87,105,138,178,168,206,242,269,291,320,326,356,365,394,373,351,390,382,379,430,391,412,381,382,392,390,413,401,398,385,375,400,394,386,389,406
2004-09-15 08:13:49,416,361,255,194,170,112,99,102,117,125,126,83,86,106,119,108,120,121,30,13,-88,-109,-175,-186,-174,-149,-145,-143,-122,-136,-123,-98,-109,-84,-108,-105,-77,-70,-55,-60,-63,-61,-60,-24,-40,-30,-22,-33,-26,-4
2004-09-15 08:13:50,-4,13,-14,8,-7,1,1,-7,20,39,16,18,30,26,42,50,38,46,62,54,39,68,70,59,63,67,71,73,52,71,73,70,94,73,80,75,74,77,65,99,86,95,88,105,100,94,92,98,86,81
2004-09-15 08:13:51,114,98,105,109,87,109,116,100,102,109,91,113,110,114,88,126,104,99,89,97,90,109,110,97,90,104,109,125,108,102,111,113,108,124,169,161,189,220,268,303,306,343,364,362,378,408,390,383,398,386
2004-09-15 08:13:52,402,384,399,380,393,383,380,387,401,372,399,392,375,381,385,395,392,348,310,281,214,151,128,113,111,120,124,100,107,112,131,121,121,139,89,60,-2,-104,-142,-147,-176,-178,-150,-148,-142,-123,-123,-110,-114,-122
2004-09-15 08:13:53,-98,-84,-92,-88,-82,-59,-87,-59,-51,-18,-35,-53,-24,-30,-11,-26,-23,-23,-24,-7,16,2,18,1,20,31,23,11,56,49,61,42,49,45,71,40,26,56,55,37,41,67,60,81,72,53,65,93,67,95
2004-09-15 08:13:54,67,66,68,66,69,82,83,81,118,83,82,85,107,96,103,114,94,124,105,119,98,108,105,132,89,106,115,106,117,87,99,63,116,90,89,93,101,96,89,103,84,123,107,109,99,109,104,106,106,128
2004-09-15 08:13:55,108,145,179,214,234,274,297,326,351,365,355,377,374,384,392,369,382,384,389,395,365,409,374,386,389,383,381,379,385,394,382,396,380,399,347,350,274,204,163,105,102,113,98,111,104,122,108,119,114,110
2004-09-15 08:13:56,128,77,28,-15,-123,-168,-153,-185,-159,-140,-127,-142,-132,-94,-125,-108,-101,-100,-88,-72,-82,-77,-74,-80,-69,-70,-49,-30,-33,-20,-18,-31,-15,-20,-10,1,18,-1,7,57,30,39,22,21,21,44,32,45,23,40
2004-09-15 08:13:57,40,50,48,56,55,56,78,60,66,60,57,40,64,68,68,91,81,92,109,82,55,72,90,88,96,103,89,94,108,77,90,89,99,102,108,114,108,92,79,103,94,94,100,74,76,93,74,81,88,80
2004-09-15 08:13:58,95,98,100,118,89,109,120,111,109,112,110,114,99,125,92,104,117,160,159,193,200,247,269,304,328,339,355,379,370,380,362,368,393,390,381,386,392,378,397,389,357,372,391,381,381,398,388,397,380,390
2004-09-15 08:13:59,359,332,287,239,203,131,103,93,131,121,106,130,109,120,121,114,126,89,48,51,-74,-104,-160,-167,-181,-167,-174,-131,-138,-144,-114,-136,-112,-110,-112,-100,-75,-88,-73,-70,-74,-53,-54,-31,-38,-29,-29,-34,-28,-14
2004-09-15 08:14:00,-17,-5,-4,-2,-5,4,7,25,22,19,31,32,40,38,25,25,40,54,46,31,53,57,41,61,67,47,70,50,58,77,77,87,84,98,73,77,96,100,95,81,81,80,80,74,78,102,80,81,74,91
2004-09-15 08:14:01,104,92,104,85,107,96,98,88,102,71,97,108,82,107,117,93,91,102,100,102,111,120,90,80,87,119,79,101,110,103,106,98,107,84,124,161,164,233,253,298,317,322,337,355,377,367,379,382,375,369
2004-09-15 08:14:02,388,387,387,386,386,368,378,368,368,381,388,388,378,377,398,381,390,334,338,251,213,138,107,109,135,106,118,130,106,106,93,121,100,106,89,67,7,-38,-132,-153,-173,-183,-193,-141,-149,-139,-126,-125,-104,-98
2004-09-15 08:14:03,-98,-108,-88,-87,-78,-78,-70,-74,-84,-63,-40,-26,-43,-25,-40,-23,-18,-11,-8,0,-15,24,12,5,-29,24,0,12,31,17,27,37,24,49,40,58,50,72,60,66,53,80,63,58,88,80,49,81,63,64
2004-09-15 08:14:04,75,89,63,77,64,96,78,97,79,79,84,96,88,82,101,91,84,89,107,95,97,104,104,103,93,104,104,105,83,84,105,91,99,92,104,99,113,85,106,100,97,80,92,96,92,101,87,101,102,113
2004-09-15 08:14:05,110,132,169,186,237,271,280,285,319,345,359,374,388,375,380,389,392,367,388,398,377,401,387,374,384,393,385,388,393,403,373,381,377,394,365,341,282,213,142,87,96,110,126,128,105,114,111,108,113,99
2004-09-15 08:14:06,100,94,34,-43,-71,-113,-186,-194,-172,-194,-152,-137,-146,-124,-139,-127,-93,-107,-104,-113,-82,-84,-81,-71,-66,-75,-51,-34,-49,-56,-43,-22,-36,-22,-18,-1,-9,-21,-1,1,0,11,9,28,26,28,14,32,48,37
2004-09-15 08:14:07,58,38,24,22,48,57,50,58,75,77,49,61,55,45,70,67,92,80,76,69,78,84,107,67,115,91,88,92,101,101,82,95,92,108,75,89,82,101,97,87,87,88,105,83,104,91,83,96,95,71
2004-09-15 08:14:08,90,77,96,90,98,89,83,100,83,97,112,90,102,89,95,102,109,137,144,165,208,223,247,287,319,344,335,354,347,377,377,374,377,379,382,362,393,382,374,383,375,380,378,370,398,372,396,364,401,376
2004-09-15 08:14:09,375,371,282,218,196,132,128,93,90,113,117,106,108,99,96,99,124,103,62,44,-23,-80,-153,-195,-174,-176,-155,-148,-142,-142,-124,-134,-125,-124,-115,-124,-93,-95,-80,-69,-80,-76,-30,-34,-33,-36,-28,-32,-35,-30
2004-09-15 08:14:10,-15,-8,-6,-20,-11,3,1,-20,-11,30,5,42,20,35,28,30,22,30,44,50,29,46,47,52,44,66,54,63,45,61,94,72,99,95,94,64,86,81,89,75,92,75,59,82,80,83,71,70,77,76
2004-09-15 08:14:11,80,106,91,83,106,110,102,93,76,89,100,87,106,94,110,92,99,79,129,69,104,104,84,95,80,96,77,88,104,71,83,98,100,110,116,143,185,211,242,254,303,306,341,328,361,383,376,362,380,392
2004-09-15 08:14:12,376,371,379,381,381,390,370,380,387,395,380,381,394,388,383,378,373,376,348,283,249,175,131,121,124,115,110,108,120,100,112,106,108,114,85,77,34,-40,-122,-179,-165,-195,-171,-156,-135,-140,-130,-122,-124,-98
2004-09-15 08:14:13,-101,-102,-74,-94,-79,-67,-90,-58,-51,-60,-62,-62,-39,-25,-44,-38,-38,-20,-19,-10,-13,-9,-20,16,12,14,5,27,35,27,11,34,22,36,64,50,29,46,43,61,64,44,68,58,68,65,55,65,37,57
2004-09-15 08:14:14,81,83,88,87,84,97,69,93,69,108,81,100,71,85,80,92,85,91,95,112,85,112,89,99,97,92,79,106,97,106,88,82,98,81,67,79,92,96,100,96,64,92,106,84,98,105,113,91,76,92
2004-09-15 08:14:15,101,128,142,175,202,240,296,284,350,330,366,338,388,378,377,369,373,400,387,371,376,370,377,392,390,364,385,381,373,386,380,370,372,377,377,359,330,259,153,115,88,110,121,108,103,120,90,108,96,108
2004-09-15 08:14:16,106,109,64,39,-89,-141,-157,-194,-178,-184,-156,-135,-133,-152,-119,-128,-126,-107,-96,-123,-84,-93,-88,-72,-62,-66,-51,-59,-31,-30,-55,-24,-22,-2,-7,-23,-27,-2,-3,-6,-11,-5,22,8,33,33,15,33,27,36
2004-09-15 08:14:17,15,36,24,65,42,45,48,49,50,52,67,69,58,45,85,72,75,71,72,92,79,92,87,92,81,69,95,105,88,101,95,97,83,85,93,85,84,92,86,101,100,88,84,85,80,92,85,87,108,115
2004-09-15 08:14:18,87,97,86,93,81,84,87,122,91,107,104,94,82,91,94,96,91,126,130,159,191,229,244,262,299,302,329,346,361,374,378,368,378,365,384,389,366,369,366,381,378,369,378,371,366,385,371,385,373,382
2004-09-15 08:14:19,376,359,348,296,183,154,126,84,83,117,106,110,117,113,95,109,95,123,99,53,-1,-34,-119,-152,-191,-153,-174,-161,-155,-121,-162,-133,-135,-95,-108,-92,-100,-91,-100,-82,-68,-57,-61,-58,-68,-80,-40,-37,-28,-21
2004-09-15 08:14:20,-28,-23,-28,-25,-15,-22,-26,13,-20,15,23,18,24,3,17,17,33,35,40,52,38,58,57,27,44,40,68,56,69,66,61,36,63,53,65,58,71,83,64,58,103,64,80,97,79,95,82,78,89,73
2004-09-15 08:14:23,-117,-103,-103,-88,-106,-84,-87,-70,-65,-60,-67,-60,-47,-47,-52,-31,-1,-44,-26,-24,3,-15,-3,-17,8,9,27,13,19,2,23,25,28,39,47,41,36,15,44,25,51,29,57,43,27,73,39,57,68,70
2004-09-15 08:14:24,54,52,65,70,68,53,64,87,68,88,71,78,96,93,70,95,96,91,70,96,111,119,82,93,80,79,98,91,92,89,87,81,82,76,101,62,91,99,82,81,71,69,91,82,89,95,75,98,102,104
2004-09-15 08:14:25,100,135,121,166,199,224,248,302,329,300,349,346,357,366,370,352,372,390,364,405,368,362,394,367,399,383,360,379,381,356,388,379,380,385,378,359,331,228,215,156,108,83,101,104,113,104,95,102,103,114
2004-09-15 08:14:26,91,73,65,47,-28,-95,-140,-182,-182,-193,-158,-136,-120,-131,-155,-142,-122,-126,-120,-91,-117,-81,-101,-72,-83,-58,-41,-61,-57,-44,-44,-30,-46,-26,-11,-18,-17,3,-8,-1,23,4,7,27,4,22,15,22,20,25
2004-09-15 08:14:27,12,23,60,44,43,47,35,31,28,48,50,33,56,75,61,58,34,60,66,55,63,66,79,70,70,90,86,84,91,82,80,91,111,124,88,99,87,95,74,97,83,71,75,97,90,79,80,42,87,65
2004-09-15 08:14:28,101,88,68,86,72,81,84,89,112,101,89,88,84,89,82,91,98,93,126,129,169,209,219,240,261,312,327,349,365,335,366,370,376,393,375,372,369,385,364,369,389,361,384,376,371,364,367,379,370,364
2004-09-15 08:14:29,357,375,365,303,209,164,150,107,90,91,108,108,95,104,82,113,99,100,89,68,-4,-35,-96,-149,-205,-183,-154,-137,-156,-161,-153,-131,-126,-134,-110,-97,-94,-107,-90,-95,-59,-80,-79,-79,-67,-32,-44,-38,-36,-26
2004-09-15 08:14:30,-46,-32,-14,-29,-16,-13,-12,2,6,6,-12,4,42,2,-1,37,15,20,46,37,27,24,54,49,36,52,47,67,72,62,68,72,57,78,74,66,86,79,86,93,72,88,78,86,90,94,82,95,74,76
2004-09-15 08:14:31,75,92,59,68,87,80,90,83,66,111,84,92,84,59,78,76,107,63,90,91,94,113,97,110,87,94,118,87,86,89,93,86,87,86,109,120,123,171,199,240,247,273,295,359,358,354,372,360,358,353
2004-09-15 08:14:32,368,373,370,380,374,377,364,370,383,394,386,392,380,351,372,384,361,371,355,334,252,216,186,126,92,98,74,102,91,91,97,117,84,102,91,114,28,-44,-75,-95,-159,-179,-200,-175,-178,-155,-161,-149,-153,-114
2004-09-15 08:14:33,-118,-95,-109,-112,-100,-82,-83,-64,-78,-72,-47,-56,-52,-54,-14,-39,-25,-35,-26,-31,-10,-12,-3,-6,-6,18,5,14,11,14,16,27,5,11,29,25,39,42,34,33,21,47,41,47,43,50,57,65,58,50
2004-09-15 08:14:34,71,67,50,53,80,75,75,85,65,73,78,95,69,66,75,92,81,81,77,88,80,86,65,85,90,84,77,91,106,94,77,94,89,80,80,90,82,97,104,93,73,70,67,72,68,82,79,100,76,80
2004-09-15 08:14:35,96,88,110,140,193,221,243,242,303,313,348,357,361,367,357,374,370,369,373,379,369,369,383,378,367,358,374,390,388,376,381,381,374,366,359,367,327,251,215,158,127,81,88,78,89,106,98,97,94,100
2004-09-15 08:14:36,98,104,78,30,11,-74,-120,-170,-169,-174,-203,-154,-151,-137,-135,-157,-110,-137,-97,-101,-77,-92,-83,-108,-81,-80,-81,-67,-48,-44,-51,-58,-37,-37,-32,-34,-28,-4,-25,-17,-4,-6,8,-5,13,15,25,30,37,17
2004-09-15 08:14:37,33,22,40,14,30,25,23,35,43,51,34,33,41,68,41,43,60,66,61,57,71,81,73,64,58,83,84,82,95,88,84,65,85,85,88,98,84,84,72,105,107,94,96,76,92,77,86,79,68,111
2004-09-15 08:14:38,79,81,54,83,77,70,85,95,80,90,99,82,76,84,82,74,81,84,117,140,159,197,207,243,258,308,298,345,347,352,375,356,380,359,352,375,372,389,378,364,403,375,356,379,377,379,366,376,360,372
2004-09-15 08:14:39,382,381,357,295,256,212,172,105,70,100,96,83,96,86,115,91,120,112,95,76,50,0,-69,-136,-182,-189,-184,-151,-149,-164,-136,-135,-126,-140,-139,-104,-108,-97,-106,-78,-94,-93,-58,-76,-72,-68,-50,-37,-51,-40
2004-09-15 08:14:40,-43,-20,-28,-24,-12,-12,-22,-9,-2,-33,-13,1,-6,2,23,21,2,19,33,24,24,31,44,33,55,60,49,33,73,60,47,46,39,65,72,92,77,58,77,68,68,77,88,81,90,86,83,71,89,59
2004-09-15 08:14:41,81,79,73,82,70,82,53,58,87,66,82,58,62,76,88,81,101,89,88,88,68,111,90,100,73,101,89,76,95,93,73,67,90,117,96,105,126,190,181,215,248,293,279,316,329,362,360,378,376,357
2004-09-15 08:14:42,379,352,360,356,369,367,361,380,374,375,365,365,368,371,377,364,360,371,357,347,327,240,206,150,124,86,114,90,103,82,99,90,83,96,101,100,69,54,-37,-113,-149,-161,-187,-177,-173,-157,-143,-141,-136,-144
2004-09-15 08:14:43,-138,-112,-117,-112,-126,-97,-88,-66,-68,-72,-96,-55,-31,-59,-68,-26,-24,-56,-57,-20,-23,-10,-15,-17,13,-17,-1,21,-8,10,7,21,22,26,23,54,28,25,45,33,38,47,37,24,52,49,41,71,68,57
2004-09-15 08:14:44,72,67,67,81,71,63,53,58,70,83,59,60,75,69,89,85,81,97,84,69,67,77,90,99,81,83,103,84,86,80,88,101,93,88,89,105,83,89,89,91,102,75,77,69,75,79,91,85,76,79
2004-09-15 08:14:45,77,100,109,135,159,183,215,260,273,295,321,361,355,343,344,365,370,383,353,389,385,350,370,369,360,397,367,373,369,385,349,378,372,364,374,376,347,264,239,190,122,92,63,92,89,79,90,76,100,85
2004-09-15 08:14:46,100,92,72,41,24,-26,-99,-183,-195,-176,-195,-170,-178,-146,-146,-128,-141,-136,-100,-101,-98,-115,-101,-76,-70,-67,-73,-72,-42,-42,-56,-52,-52,-44,-39,-28,-26,-32,1,-20,-23,-7,3,-4,18,13,12,26,10,19
2004-09-15 08:14:47,36,37,40,46,16,22,31,20,45,37,34,51,53,50,60,77,45,67,76,78,43,62,62,53,71,80,92,74,87,66,83,79,93,117,78,70,82,77,95,115,86,92,75,77,91,95,96,90,89,97
2004-09-15 08:14:48,75,83,102,95,58,76,75,67,65,88,76,85,97,71,92,73,73,90,84,128,96,172,191,231,265,279,299,327,346,347,382,350,364,354,368,363,384,374,369,371,379,367,384,357,378,371,358,383,361,350
2004-09-15 08:14:49,371,364,350,353,280,218,144,124,90,85,87,113,99,49,80,78,98,101,97,79,61,-22,-38,-119,-162,-203,-179,-176,-166,-165,-160,-149,-137,-131,-130,-130,-118,-117,-93,-107,-81,-72,-66,-84,-80,-73,-55,-59,-36,-34
2004-09-15 08:14:50,-29,-42,-26,-26,-26,-22,-17,-24,-14,-1,-7,-1,32,17,-4,12,8,13,37,19,21,30,10,15,42,39,45,64,56,61,66,35,56,71,63,47,70,62,71,75,55,74,72,86,70,67,73,70,78,83
2004-09-15 08:14:51,73,70,58,61,49,74,73,86,63,81,72,83,64,75,81,85,71,84,66,81,67,83,82,77,72,79,92,89,79,77,103,92,82,80,82,87,126,138,177,204,240,242,275,301,343,337,357,367,372,354
2004-09-15 08:14:52,361,368,367,356,351,375,364,359,375,354,370,382,348,374,346,377,375,379,379,358,354,244,204,147,114,81,100,99,89,90,94,81,92,108,105,100,94,39,-12,-50,-102,-190,-183,-186,-191,-163,-160,-141,-123,-116
2004-09-15 08:14:53,-128,-120,-103,-105,-101,-102,-71,-96,-73,-78,-50,-65,-65,-49,-48,-46,-48,-63,-49,-32,-22,-16,-12,-5,3,-22,-10,11,-4,3,7,17,6,0,17,29,18,30,37,34,27,46,40,52,44,65,37,57,59,57
2004-09-15 08:14:54,52,46,78,51,49,52,65,91,58,57,77,73,65,69,76,52,67,70,66,56,50,69,74,87,81,68,63,59,64,77,96,87,84,67,81,90,60,72,91,90,84,99,105,92,82,95,94,91,107,90
2004-09-15 08:14:55,77,74,92,131,147,159,208,239,283,282,296,327,316,342,378,373,340,366,369,336,353,369,371,345,376,392,352,382,382,380,378,342,373,373,379,346,380,332,235,201,157,98,85,110,105,100,122,99,80,82
2004-09-15 08:14:56,95,100,92,58,40,-8,-79,-133,-202,-194,-197,-198,-178,-158,-145,-129,-152,-137,-134,-149,-120,-107,-86,-94,-98,-93,-86,-88,-69,-65,-71,-53,-45,-43,-35,-53,-24,-57,-40,-26,-19,-12,-14,-2,5,0,9,9,-6,19
2004-09-15 08:14:57,18,31,15,17,43,66,24,24,44,21,22,51,52,55,43,47,47,35,54,53,68,50,44,71,66,63,41,60,61,57,50,68,78,64,69,82,59,87,79,79,100,76,62,68,67,78,73,84,73,73
2004-09-15 08:14:58,73,75,66,75,93,80,83,107,78,78,98,59,76,95,86,78,77,86,87,97,127,142,176,208,262,275,284,323,350,337,353,346,348,378,373,361,360,376,361,374,353,371,381,374,386,356,364,372,358,376
2004-09-15 08:14:59,374,367,359,352,288,213,201,140,114,75,97,92,95,112,80,95,95,120,103,86,64,39,-54,-81,-138,-200,-207,-193,-181,-172,-149,-166,-145,-143,-133,-110,-138,-108,-105,-109,-109,-77,-107,-84,-73,-46,-73,-45,-65,-37
2004-09-15 08:15:00,-35,-47,-32,-46,-23,-27,-43,-32,8,-23,-17,12,-15,3,21,-3,10,9,11,11,21,43,26,49,36,26,27,34,36,30,25,50,51,38,45,46,35,55,57,67,45,85,75,81,78,61,59,59,57,77
2004-09-15 08:15:01,62,70,74,81,76,86,65,89,61,87,72,82,76,93,78,80,73,88,62,78,74,82,54,84,53,91,62,73,65,60,86,93,83,95,65,97,108,136,173,174,207,243,268,297,309,334,345,358,374,348
2004-09-15 08:15:02,375,362,350,362,375,357,386,377,368,370,349,363,355,372,350,394,377,372,367,373,347,325,265,174,118,120,88,95,110,97,90,101,79,105,82,76,87,40,4,-49,-93,-176,-191,-210,-182,-169,-181,-158,-151,-159
2004-09-15 08:15:03,-125,-125,-138,-128,-108,-96,-90,-98,-89,-87,-99,-79,-69,-76,-42,-63,-60,-53,-43,-39,-36,-60,-19,-32,-17,-18,-15,-12,6,10,4,2,11,4,12,-3,27,11,18,24,32,31,46,25,41,34,32,43,42,30
2004-09-15 08:15:04,34,53,49,33,59,45,57,64,45,49,64,84,70,86,63,71,76,86,88,83,86,75,79,82,78,84,89,72,86,69,40,92,69,60,53,75,86,82,62,56,50,52,71,77,79,89,83,83,85,87
2004-09-15 08:15:05,72,81,81,122,120,165,196,206,261,288,294,330,335,343,359,351,343,342,352,387,366,364,367,351,349,367,385,370,358,365,382,366,345,373,372,358,366,333,301,216,152,110,89,83,67,106,89,86,95,80
2004-09-15 08:15:06,76,110,82,74,70,3,-57,-159,-186,-191,-196,-191,-154,-172,-149,-138,-129,-140,-136,-132,-100,-112,-109,-108,-99,-98,-59,-84,-69,-79,-64,-62,-61,-42,-39,-33,-14,-38,-41,-27,-20,-30,-12,-17,-27,-2,-8,5,9,2
2004-09-15 08:15:07,25,7,11,8,30,26,27,41,27,33,41,34,31,47,52,44,67,57,55,47,52,54,60,53,81,67,69,59,63,83,69,50,74,63,78,52,61,60,86,60,76,96,75,60,66,59,76,63,73,62
2004-09-15 08:15:08,60,72,69,72,76,91,82,82,96,111,83,82,83,75,82,82,85,71,81,97,88,125,173,214,232,277,255,291,339,337,348,348,361,350,354,355,379,361,357,355,370,375,363,345,371,359,377,351,358,356
2004-09-15 08:15:09,358,360,356,361,315,289,214,117,79,80,93,83,90,85,79,93,94,90,123,96,82,9,-10,-93,-140,-190,-209,-190,-183,-168,-167,-157,-165,-133,-136,-133,-123,-123,-113,-117,-103,-77,-77,-83,-71,-65,-76,-57,-74,-54
2004-09-15 08:15:10,-37,-51,-55,-48,-32,-22,-11,-19,-24,-7,5,21,-5,28,-5,18,8,0,15,18,20,21,26,12,14,27,43,36,45,43,45,33,63,59,71,56,53,83,31,27,50,54,58,76,64,77,84,64,87,86
2004-09-15 08:15:11,75,59,67,57,74,66,85,81,73,74,66,75,85,80,85,78,77,78,95,57,81,78,87,62,60,80,63,81,74,88,80,82,61,80,81,74,75,132,151,181,174,235,265,267,284,360,334,361,355,361
2004-09-15 08:15:12,348,358,363,348,357,359,368,360,364,374,371,344,355,347,359,370,364,371,357,357,339,294,245,224,164,93,74,81,88,84,91,86,87,71,84,98,80,81,11,-14,-75,-150,-199,-185,-205,-160,-164,-167,-154,-167
2004-09-15 08:15:13,-150,-134,-125,-131,-109,-129,-133,-107,-88,-112,-84,-74,-66,-83,-69,-56,-51,-38,-44,-44,-46,-50,-51,-44,-33,-1,-19,-23,-26,16,14,14,0,18,5,11,30,5,29,40,15,39,44,44,23,38,30,31,39,38
2004-09-15 08:15:14,51,43,46,58,47,53,14,52,59,38,84,49,56,63,71,80,80,62,73,62,54,75,64,61,80,71,65,83,78,80,79,79,88,68,89,68,92,79,69,68,74,51,56,70,70,62,75,68,70,76
2004-09-15 08:15:15,99,65,70,81,104,153,186,190,256,246,269,307,341,342,344,351,342,377,359,366,380,357,365,359,350,366,354,368,358,361,357,377,354,358,365,371,356,356,282,264,192,119,91,72,71,98,104,86,87,69
2004-09-15 08:15:16,68,87,105,62,64,10,-37,-95,-157,-207,-209,-170,-188,-181,-180,-157,-155,-153,-134,-133,-115,-110,-108,-102,-99,-91,-80,-127,-71,-73,-56,-65,-55,-50,-81,-52,-40,-34,-21,-40,-17,-33,-17,-14,-17,8,8,4,15,5
2004-09-15 08:15:17,24,-18,27,2,19,12,31,39,39,35,21,28,28,25,43,74,54,21,65,46,35,40,61,44,60,44,64,59,65,86,58,58,81,53,83,82,74,93,56,72,59,74,78,70,68,73,65,56,72,75
2004-09-15 08:15:18,76,79,58,76,81,71,81,48,70,61,69,79,67,64,98,72,65,87,88,73,97,134,160,163,251,228,259,277,309,326,345,342,347,334,356,362,348,364,377,370,357,358,365,354,356,361,352,373,347,357
2004-09-15 08:15:19,363,353,364,342,309,297,199,150,97,82,73,100,122,93,93,82,98,70,82,89,71,33,5,-103,-157,-171,-202,-208,-184,-196,-172,-155,-157,-141,-133,-143,-139,-120,-94,-122,-100,-92,-97,-77,-89,-87,-70,-56,-55,-47
2004-09-15 08:15:20,-54,-46,-52,-21,-43,-37,-20,-16,-17,-33,-24,5,4,13,-3,11,-11,2,24,11,-2,21,24,22,32,11,26,29,44,23,32,55,40,6,25,53,41,38,48,53,47,49,63,45,75,76,105,88,70,59
2004-09-15 08:15:21,70,55,73,79,59,60,63,75,59,59,88,63,59,51,69,58,55,64,62,61,69,64,58,54,63,74,70,98,63,80,46,88,64,99,60,98,88,104,126,128,193,231,239,261,309,310,339,339,345,376
2004-09-15 08:15:22,364,349,358,367,358,363,325,353,365,362,352,375,365,358,351,356,354,364,352,378,349,318,258,214,148,113,68,98,73,72,101,86,88,57,79,98,81,30,54,-32,-63,-142,-209,-202,-205,-180,-196,-169,-170,-153
2004-09-15 08:15:23,-171,-129,-124,-127,-124,-123,-119,-115,-85,-99,-72,-82,-72,-81,-48,-65,-40,-68,-46,-45,-30,-35,-16,-31,-38,-23,-1,3,-22,-4,-15,-5,2,9,18,4,6,23,23,17,27,21,23,26,40,51,22,41,29,44
2004-09-15 08:15:24,45,48,45,62,69,47,41,55,55,60,67,56,77,67,57,46,57,73,50,63,71,75,66,61,73,74,50,73,74,62,98,73,62,49,67,57,83,61,61,89,76,69,64,76,106,79,86,72,67,77
2004-09-15 08:15:25,89,97,78,109,117,141,153,192,216,248,282,281,316,324,354,358,366,347,367,355,356,350,360,336,372,342,358,355,357,337,351,371,365,355,348,336,361,359,308,282,200,112,94,88,98,97,83,84,79,91
2004-09-15 08:15:26,93,83,96,76,42,33,-36,-89,-165,-209,-225,-213,-191,-175,-178,-143,-157,-149,-144,-147,-130,-111,-118,-117,-98,-98,-113,-90,-75,-75,-103,-71,-62,-73,-54,-66,-60,-21,-33,-42,-29,-27,-28,-27,-31,-7,-8,-9,-2,3
2004-09-15 08:15:27,8,25,11,9,5,-2,23,29,24,7,16,39,46,37,26,22,38,49,41,54,51,40,33,63,30,47,49,65,73,58,66,36,61,72,64,67,52,51,83,72,85,68,63,84,67,82,65,73,73,81
2004-09-15 08:15:28,83,55,75,83,92,71,82,44,71,70,79,86,53,67,49,66,69,77,54,48,87,112,121,169,205,249,246,275,296,336,324,352,343,327,347,365,361,345,365,366,356,353,374,366,351,351,355,375,354,359
2004-09-15 08:15:29,349,361,353,352,333,319,258,199,132,69,75,80,83,76,81,73,67,74,70,67,78,59,40,-17,-125,-136,-173,-212,-204,-195,-186,-161,-167,-158,-161,-143,-127,-117,-127,-122,-136,-112,-95,-118,-101,-75,-99,-81,-96,-77
2004-09-15 08:15:30,-67,-57,-63,-24,-53,-29,-32,-54,-49,-4,-18,-10,-7,-18,1,5,-13,14,-1,13,-5,18,6,29,50,33,8,38,31,46,28,34,31,27,27,17,28,50,33,53,55,45,55,47,47,32,57,59,55,52
2004-09-15 08:15:31,64,74,49,72,76,62,69,76,62,82,73,75,87,79,75,93,77,70,77,81,52,60,64,74,82,64,77,70,46,30,59,56,60,67,85,64,72,85,112,126,175,219,254,254,290,299,334,315,342,332
2004-09-15 08:15:32,358,346,355,355,353,342,362,346,354,365,360,359,358,359,358,372,351,367,359,343,351,323,301,255,201,119,97,71,46,95,72,81,83,85,77,71,75,76,59,25,-35,-93,-166,-190,-183,-215,-194,-186,-174,-171
2004-09-15 08:15:33,-155,-139,-151,-110,-151,-139,-100,-101,-123,-100,-117,-79,-93,-106,-84,-68,-73,-58,-75,-61,-50,-31,-29,-42,-37,-24,-34,-16,4,-14,-1,21,13,8,-5,1,12,23,22,29,3,-1,-3,15,10,26,20,24,37,31
2004-09-15 08:15:34,30,33,48,62,48,53,48,49,41,51,58,63,60,44,62,67,77,62,68,70,64,84,65,64,37,56,72,76,84,101,61,69,60,68,69,70,69,74,59,57,73,77,85,77,70,72,59,72,50,55
2004-09-15 08:15:35,74,53,48,101,84,140,159,165,228,225,253,275,319,330,331,335,324,347,363,354,340,352,359,372,361,342,344,347,355,352,354,356,351,358,363,363,362,361,292,275,220,171,103,82,89,82,83,75,86,86
2004-09-15 08:15:36,73,73,89,78,73,37,-8,-66,-128,-201,-221,-221,-196,-178,-159,-160,-171,-147,-154,-129,-149,-141,-112,-135,-121,-101,-94,-92,-102,-83,-75,-75,-65,-60,-55,-54,-50,-40,-39,-30,-22,-44,-40,-36,-29,-12,-16,-1,9,-6
2004-09-15 08:15:37,-4,15,-2,7,-8,6,26,25,-4,3,28,42,43,43,54,53,40,36,44,52,24,22,49,70,44,40,34,49,30,41,35,43,57,38,69,61,72,63,55,57,67,48,73,66,64,47,78,64,57,64
2004-09-15 08:15:38,57,48,96,70,59,68,65,51,67,58,78,60,52,93,81,47,70,80,64,72,80,111,137,135,180,233,242,271,289,299,314,332,353,339,331,337,350,337,346,354,375,344,333,346,364,345,344,355,353,353
2004-09-15 08:15:39,352,341,347,344,347,321,281,230,144,106,74,72,65,92,77,57,55,70,84,90,71,57,38,-5,-61,-155,-195,-232,-209,-183,-194,-172,-154,-154,-160,-134,-132,-143,-122,-112,-124,-127,-101,-87,-110,-81,-96,-71,-64,-84
2004-09-15 08:15:40,-45,-49,-64,-45,-49,-42,-51,-32,-22,-54,-15,-24,4,-4,6,-9,5,0,-9,28,21,14,45,12,27,19,29,22,36,21,12,29,32,42,41,26,40,25,17,43,43,60,76,46,53,66,52,51,63,40
2004-09-15 08:15:41,69,58,48,76,48,82,53,55,66,74,54,68,45,63,79,53,49,63,81,80,60,64,45,48,43,58,66,68,64,71,40,60,72,61,69,61,62,83,76,122,139,209,204,242,275,317,292,337,341,345
2004-09-15 08:15:42,347,332,347,330,362,342,356,347,347,364,360,337,345,357,348,346,341,349,361,355,345,315,320,262,203,121,91,57,96,98,91,69,73,71,90,87,79,64,45,40,-5,-59,-160,-177,-230,-211,-204,-178,-180,-149
2004-09-15 08:15:43,-186,-152,-147,-146,-127,-128,-138,-112,-107,-94,-105,-87,-91,-78,-88,-71,-64,-57,-68,-68,-51,-52,-58,-60,-37,-42,-32,-1,-13,-21,-8,-8,9,10,1,-7,-12,12,14,20,19,16,29,3,24,25,19,16,22,43
2004-09-15 08:15:44,40,36,35,25,40,43,26,57,46,71,51,61,66,60,80,79,76,71,71,58,80,61,27,66,60,68,72,59,67,67,58,68,37,62,79,51,53,69,48,51,62,57,61,59,78,79,69,43,64,72
2004-09-15 08:15:45,84,90,56,74,86,115,139,147,202,209,243,277,276,304,315,335,362,348,330,346,328,357,329,340,346,343,350,374,342,353,359,344,349,370,369,357,350,344,350,292,247,164,102,106,75,85,75,64,71,53
2004-09-15 08:15:46,84,82,84,69,75,69,34,-36,-120,-170,-188,-208,-210,-204,-175,-185,-158,-163,-162,-140,-147,-141,-130,-114,-100,-106,-101,-109,-82,-94,-69,-89,-82,-57,-60,-61,-51,-56,-45,-39,-33,-36,-51,-13,-38,-40,-18,-3,-2,7
2004-09-15 08:15:47,2,3,-5,-7,1,4,12,24,20,17,23,21,32,25,25,40,42,43,28,52,42,49,52,45,44,70,51,44,49,47,74,64,62,62,64,53,58,63,68,62,55,50,61,52,53,70,41,63,36,71
2004-09-15 08:15:48,67,38,35,44,80,49,58,53,62,63,74,59,59,58,43,71,75,68,76,84,84,92,112,161,160,187,194,250,292,308,334,332,336,356,363,343,339,355,358,380,343,353,334,355,348,342,347,336,345,364
2004-09-15 08:15:49,349,348,367,368,339,336,298,238,152,111,86,65,83,84,73,75,59,60,76,74,95,81,44,1,-62,-109,-160,-211,-205,-205,-188,-187,-163,-160,-162,-153,-133,-143,-127,-133,-124,-138,-123,-122,-100,-84,-79,-105,-60,-83
2004-09-15 08:15:50,-69,-72,-59,-36,-53,-72,-37,-53,-32,-40,-31,-42,-34,-13,-25,-4,-17,-4,-6,-17,10,12,1,-10,9,6,10,12,25,36,22,27,43,28,37,41,35,52,54,51,41,47,57,52,61,36,58,62,66,70
2004-09-15 08:15:51,61,57,41,42,58,50,58,58,65,56,60,49,57,55,66,60,34,53,43,75,57,64,73,58,68,74,72,52,74,76,73,74,66,68,62,79,84,73,81,131,153,190,216,221,256,291,293,335,326,325
2004-09-15 08:15:52,354,341,323,354,346,342,351,347,346,352,345,357,352,349,330,344,347,333,375,350,358,334,344,293,200,163,132,77,59,78,90,76,63,71,86,92,123,63,63,42,-8,-93,-156,-166,-210,-207,-202,-193,-173,-181
2004-09-15 08:15:53,-158,-174,-160,-145,-143,-116,-133,-117,-110,-85,-115,-88,-102,-83,-83,-74,-51,-49,-67,-72,-59,-68,-66,-52,-28,-38,-30,-17,-23,-29,-6,-36,8,-18,-12,-7,-2,-5,14,9,5,12,10,14,9,24,9,22,54,34
2004-09-15 08:15:54,44,40,42,44,53,66,44,75,59,45,55,45,58,28,63,44,63,68,32,29,54,43,63,62,62,53,51,56,23,57,54,74,62,57,71,53,51,59,62,52,69,60,81,67,65,71,61,74,52,59
2004-09-15 08:15:55,48,55,67,68,72,84,108,146,194,190,223,284,284,306,326,328,340,349,349,348,338,352,351,337,356,338,349,357,351,331,342,334,354,329,338,351,358,352,343,325,267,189,154,94,80,74,70,62,89,46
