2004-09-15 08:12:33,-72,-104,-45,-32,-88,-35,-88,-68,-104,-86,-105,-97,-78,-127,-124,-86,-148,-147,-153,-165,-146,-103,-189,-151,-173,-158,-165,-180,-172,-207,-241,-224,-262,-170,-214,-188,-182,-154,-173,-181,-217,-189,-201,-218,-155,-201,-197,-193,-200,-264
2004-09-15 08:12:34,-205,-220,-178,-210,-202,-202,-227,-238,-219,-219,-249,-242,-227,-269,-226,-210,-240,-226,-212,-209,-213,-252,-270,-216,-187,-237,-224,-227,-215,-210,-224,-211,-268,-236,-238,-235,-238,-248,-225,-256,-244,-238,-229,-224,-233,-251,-206,-203,-201,-261
2004-09-15 08:12:35,-187,-210,-174,-153,-146,-143,-158,-153,-43,-95,-112,-85,-40,-116,-73,-40,8,62,13,39,121,81,14,114,95,126,120,95,108,151,147,108,138,126,145,151,132,122,173,153,95,147,161,112,168,171,123,134,128,106
2004-09-15 08:12:36,122,97,129,37,11,25,59,52,30,9,41,-55,15,9,-51,-20,-12,-72,-19,-35,-48,-135,-115,-115,-67,-123,-122,-86,-86,-155,-155,-123,-192,-159,-143,-172,-159,-194,-176,-182,-137,-135,-153,-163,-159,-153,-150,-150,-189,-154
2004-09-15 08:12:37,-203,-198,-172,-229,-185,-241,-174,-195,-225,-235,-216,-244,-193,-182,-184,-214,-206,-206,-241,-209,-211,-227,-233,-249,-201,-242,-225,-178,-273,-192,-251,-238,-206,-226,-272,-230,-223,-211,-177,-217,-177,-244,-237,-244,-250,-272,-204,-252,-212,-263
2004-09-15 08:12:38,-231,-211,-212,-187,-236,-183,-265,-203,-229,-198,-252,-213,-210,-273,-221,-220,-231,-187,-139,-156,-146,-222,-108,-106,-100,-114,-90,-113,-62,-13,9,-62,-29,-33,16,48,21,35,40,63,87,147,62,64,114,155,134,141,108,171
2004-09-15 08:12:39,110,135,143,93,132,124,153,144,164,149,176,118,121,139,126,81,158,105,125,64,33,42,42,40,38,14,-9,32,-49,-25,10,-71,-67,-3,-59,-15,-57,-64,-36,-98,-108,-87,-123,-95,-94,-150,-94,-116,-133,-202
2004-09-15 08:12:40,-150,-160,-156,-143,-172,-184,-150,-150,-191,-182,-155,-223,-180,-180,-192,-153,-184,-190,-182,-183,-229,-230,-191,-207,-170,-223,-179,-205,-209,-242,-201,-159,-196,-227,-208,-185,-218,-232,-204,-161,-196,-230,-209,-258,-245,-229,-212,-220,-231,-176
2004-09-15 08:12:41,-204,-240,-257,-205,-294,-208,-199,-253,-258,-233,-245,-263,-238,-174,-203,-181,-178,-206,-223,-181,-231,-179,-236,-215,-228,-252,-218,-239,-205,-222,-200,-197,-206,-222,-190,-149,-156,-204,-132,-185,-153,-112,-76,-83,-25,-46,-48,-61,-21,-3
2004-09-15 08:12:42,-9,-54,41,68,20,88,29,68,85,96,130,127,95,147,140,147,131,120,128,165,135,107,100,160,198,178,138,175,155,183,145,130,176,71,98,65,74,51,23,50,57,22,30,-12,-9,-21,-12,-8,-7,1
2004-09-15 08:12:43,4,-98,-32,-107,-102,-60,-88,-76,-83,-117,-125,-106,-125,-137,-104,-121,-102,-129,-144,-124,-156,-105,-130,-154,-174,-138,-157,-143,-218,-142,-217,-212,-189,-214,-182,-164,-199,-163,-220,-196,-207,-163,-169,-229,-238,-218,-173,-243,-245,-205
2004-09-15 08:12:44,-242,-223,-218,-197,-232,-244,-213,-229,-164,-185,-246,-251,-216,-228,-202,-226,-246,-221,-221,-162,-237,-222,-206,-253,-247,-228,-234,-200,-248,-250,-220,-208,-216,-207,-251,-213,-250,-227,-237,-218,-250,-242,-229,-287,-187,-188,-245,-209,-254,-192
2004-09-15 08:12:45,-205,-180,-165,-158,-132,-116,-158,-100,-34,-120,-58,-26,-27,-68,-17,-31,-22,23,-31,15,62,21,75,79,77,98,62,135,106,110,156,125,133,133,110,105,145,166,154,156,149,103,189,208,155,158,148,147,68,111
2004-09-15 08:12:46,86,159,62,52,71,95,76,64,52,20,3,-20,-9,-11,-3,-39,-16,-63,-27,-29,-97,-91,-123,-86,-22,-71,-70,-160,-133,-104,-119,-102,-164,-104,-137,-95,-139,-146,-116,-138,-144,-159,-205,-144,-136,-110,-167,-110,-165,-203
2004-09-15 08:12:47,-165,-202,-166,-191,-230,-196,-177,-224,-176,-196,-189,-222,-175,-234,-164,-245,-250,-203,-208,-180,-231,-172,-148,-153,-233,-151,-214,-193,-183,-155,-258,-185,-255,-184,-170,-145,-188,-248,-177,-233,-252,-243,-180,-211,-223,-263,-211,-209,-223,-237
2004-09-15 08:12:48,-228,-228,-217,-248,-226,-226,-244,-249,-230,-200,-268,-236,-256,-194,-183,-226,-209,-197,-173,-193,-174,-115,-129,-133,-117,-120,-20,-91,-61,-81,-3,-5,13,-19,-4,57,22,56,76,72,105,83,110,46,132,122,173,139,143,214
2004-09-15 08:12:49,127,158,133,130,122,153,177,152,149,153,114,116,223,167,145,146,126,106,118,145,100,100,121,73,40,13,5,-15,10,9,24,12,-27,3,-10,-30,-46,-64,-82,-64,-43,-64,-82,-80,-45,-88,-108,-140,-159,-92
2004-09-15 08:12:50,-97,-126,-121,-163,-130,-154,-145,-137,-174,-151,-151,-171,-215,-106,-161,-191,-191,-173,-175,-198,-209,-181,-194,-167,-230,-200,-208,-225,-185,-217,-207,-173,-179,-201,-181,-213,-185,-211,-198,-240,-252,-244,-196,-225,-191,-267,-216,-206,-213,-224
2004-09-15 08:12:51,-146,-204,-226,-151,-222,-213,-208,-241,-185,-225,-249,-269,-225,-255,-227,-248,-234,-179,-218,-219,-208,-269,-189,-259,-258,-227,-241,-248,-179,-198,-209,-250,-184,-252,-171,-163,-138,-122,-121,-135,-61,-49,-103,-67,-124,-52,-39,-31,-31,31
2004-09-15 08:12:52,-9,58,0,-15,46,30,58,65,70,76,107,135,121,199,155,163,139,150,165,141,160,138,181,161,147,139,92,148,174,161,206,213,130,130,111,154,79,50,55,20,47,53,62,23,65,52,-72,-24,-12,-68
2004-09-15 08:12:53,-13,-4,-29,-16,-53,-74,-73,-65,-43,-75,-77,-76,-93,-85,-111,-68,-105,-80,-111,-127,-116,-145,-109,-87,-157,-201,-142,-121,-108,-144,-148,-134,-196,-108,-137,-154,-217,-206,-202,-121,-216,-178,-195,-210,-185,-174,-165,-162,-177,-172
2004-09-15 08:12:54,-223,-185,-187,-225,-199,-217,-208,-180,-256,-231,-162,-189,-247,-222,-220,-181,-280,-234,-166,-220,-247,-229,-177,-212,-209,-200,-224,-195,-200,-230,-200,-255,-231,-209,-252,-229,-203,-215,-176,-247,-202,-210,-219,-253,-252,-216,-222,-197,-206,-185
2004-09-15 08:12:55,-209,-190,-163,-152,-134,-163,-87,-64,-118,-92,-108,-28,-82,-9,-30,-46,38,14,-41,76,30,47,82,86,96,71,127,114,152,147,141,148,146,62,106,140,176,216,186,109,135,169,141,184,161,102,153,157,152,142
2004-09-15 08:12:56,110,93,114,146,69,56,97,82,62,-4,44,41,22,-23,-2,14,60,-63,-42,-36,4,-92,-36,-40,-104,-62,-65,-126,-85,-115,-115,-93,-100,-140,-121,-190,-129,-152,-151,-91,-183,-135,-146,-137,-144,-162,-103,-133,-148,-103
2004-09-15 08:12:57,-209,-167,-150,-186,-218,-160,-229,-169,-150,-209,-179,-175,-180,-221,-171,-121,-188,-208,-234,-211,-189,-214,-201,-169,-247,-197,-176,-237,-193,-193,-154,-213,-244,-205,-217,-197,-191,-199,-178,-169,-203,-221,-222,-254,-223,-213,-238,-191,-209,-204
2004-09-15 08:12:58,-235,-221,-200,-227,-181,-225,-255,-227,-225,-218,-217,-217,-191,-220,-231,-172,-180,-202,-167,-181,-167,-150,-149,-127,-37,-70,-81,-102,-69,-76,-9,-60,-23,-2,-25,50,50,32,70,81,78,102,133,82,107,133,152,184,125,183
2004-09-15 08:12:59,163,189,170,166,211,167,118,153,175,124,181,169,116,146,110,151,168,117,133,106,100,54,84,86,89,55,21,25,31,28,26,36,-32,-5,4,-34,-20,-25,-18,-63,-31,-69,-49,-70,-74,-82,-83,-38,-90,-121
2004-09-15 08:13:00,-120,-117,-80,-131,-87,-131,-155,-128,-181,-119,-138,-136,-96,-187,-145,-175,-169,-177,-184,-125,-187,-125,-207,-186,-162,-156,-161,-228,-191,-228,-180,-238,-126,-213,-173,-218,-160,-212,-180,-246,-161,-177,-208,-254,-219,-235,-198,-154,-176,-219
2004-09-15 08:13:01,-188,-191,-204,-202,-182,-174,-184,-204,-214,-234,-213,-196,-241,-210,-180,-254,-239,-221,-229,-205,-165,-172,-170,-196,-213,-186,-211,-215,-223,-209,-228,-221,-204,-129,-202,-184,-216,-132,-134,-126,-65,-110,-113,-84,-56,-114,-47,-20,-69,49
2004-09-15 08:13:02,-24,15,14,49,41,27,74,85,75,75,120,155,115,110,170,162,118,215,172,187,196,145,171,163,176,183,195,131,179,159,153,169,184,133,114,130,51,74,50,118,91,91,24,32,34,45,12,1,6,-29
2004-09-15 08:13:03,-14,-58,-25,-36,-64,-24,-14,-36,-102,-121,-106,-71,-102,-87,-99,-113,-139,-101,-89,-50,-131,-151,-138,-147,-189,-113,-160,-150,-122,-145,-129,-133,-182,-153,-210,-124,-180,-187,-178,-160,-165,-208,-202,-199,-131,-176,-160,-148,-193,-228
2004-09-15 08:13:04,-214,-181,-181,-209,-202,-174,-157,-226,-184,-158,-203,-221,-285,-214,-218,-213,-203,-227,-231,-165,-188,-193,-268,-222,-205,-231,-231,-223,-194,-226,-186,-222,-174,-226,-200,-222,-229,-182,-201,-241,-199,-217,-210,-212,-247,-210,-233,-189,-181,-241
2004-09-15 08:13:05,-200,-208,-182,-147,-136,-161,-173,-100,-100,-8,-60,-61,-103,-9,-15,-4,-20,1,-5,22,21,78,100,66,75,66,120,145,93,177,150,143,167,139,150,96,136,166,127,200,151,183,238,144,199,160,117,166,136,123
2004-09-15 08:13:06,135,135,101,104,75,82,151,77,90,19,25,60,7,63,34,-24,-24,-27,30,-47,5,-52,-14,-82,-55,-76,-61,-91,-78,-75,-113,-89,-118,-158,-118,-155,-167,-81,-119,-118,-109,-176,-158,-140,-115,-143,-167,-129,-143,-180
2004-09-15 08:13:07,-164,-171,-113,-146,-188,-146,-186,-179,-163,-177,-172,-174,-119,-135,-224,-168,-176,-190,-182,-207,-203,-215,-204,-172,-258,-223,-163,-165,-235,-285,-235,-207,-213,-225,-181,-171,-209,-229,-184,-209,-153,-226,-223,-198,-219,-211,-233,-248,-231,-199
2004-09-15 08:13:08,-214,-227,-229,-205,-192,-221,-215,-245,-195,-209,-185,-238,-193,-234,-215,-198,-195,-201,-165,-122,-174,-155,-127,-84,-97,-88,-71,-99,-48,-25,-35,-27,3,25,10,5,46,23,109,81,48,31,93,114,180,158,164,175,164,137
2004-09-15 08:13:09,163,175,131,147,153,200,151,198,149,169,129,160,164,169,168,181,178,141,174,108,94,49,97,88,99,55,8,26,11,35,39,18,-39,-31,-10,-24,-38,-68,-23,-35,-76,-27,-81,-69,-69,-35,-58,-46,-153,-108
2004-09-15 08:13:10,-126,-88,-97,-143,-136,-86,-111,-125,-138,-142,-184,-146,-158,-157,-109,-174,-223,-168,-187,-172,-179,-190,-137,-221,-190,-160,-196,-144,-179,-213,-197,-196,-208,-173,-181,-182,-169,-207,-187,-233,-213,-193,-252,-214,-185,-195,-133,-172,-172,-230
2004-09-15 08:13:11,-212,-209,-198,-287,-206,-258,-188,-212,-179,-188,-183,-235,-209,-207,-287,-208,-218,-213,-253,-187,-213,-184,-223,-246,-272,-209,-225,-161,-177,-220,-194,-226,-229,-176,-164,-176,-98,-115,-159,-169,-118,-67,-65,-132,-76,-33,-56,-28,4,8
2004-09-15 08:13:12,-36,-1,52,75,6,89,84,89,94,139,73,147,147,151,190,147,164,155,159,199,187,186,126,225,172,169,104,196,186,176,123,177,182,146,130,87,155,92,84,102,92,56,15,60,64,70,41,5,53,7
2004-09-15 08:13:13,-26,39,-12,-7,-28,-16,-38,-65,-58,-88,-112,-94,-81,-102,-93,-60,-84,-104,-133,-117,-121,-122,-108,-76,-136,-129,-157,-128,-185,-139,-148,-103,-200,-132,-164,-131,-144,-147,-195,-134,-131,-199,-210,-198,-212,-164,-131,-163,-187,-169
2004-09-15 08:13:14,-178,-221,-161,-201,-164,-192,-160,-221,-214,-158,-175,-216,-202,-156,-212,-212,-220,-195,-158,-212,-227,-163,-191,-203,-203,-239,-207,-245,-228,-205,-218,-206,-183,-252,-160,-233,-185,-201,-216,-201,-200,-169,-220,-240,-208,-198,-238,-167,-178,-177
2004-09-15 08:13:15,-206,-159,-161,-142,-198,-127,-124,-100,-160,-42,-40,-71,-78,-51,-33,-30,-20,-8,-3,16,7,51,67,109,92,42,144,130,185,143,150,179,147,115,175,206,180,161,118,160,168,183,184,144,159,183,221,146,169,169
2004-09-15 08:13:16,152,121,117,138,110,84,115,85,66,89,67,8,54,21,9,-70,33,10,-1,-19,-4,-23,-5,-37,-79,-43,-67,-77,-78,-45,-63,-90,-57,-57,-83,-90,-127,-123,-155,-59,-92,-150,-118,-138,-142,-145,-170,-149,-137,-119
2004-09-15 08:13:17,-169,-188,-186,-160,-167,-98,-214,-193,-143,-185,-172,-142,-186,-205,-213,-171,-232,-182,-201,-205,-200,-187,-214,-150,-153,-177,-193,-172,-192,-232,-152,-189,-175,-192,-216,-170,-187,-202,-220,-190,-173,-214,-164,-207,-181,-200,-179,-237,-221,-245
2004-09-15 08:13:18,-150,-221,-263,-235,-201,-216,-153,-192,-210,-237,-238,-157,-264,-174,-264,-196,-219,-190,-153,-111,-172,-68,-127,-134,-124,-76,-93,-82,-54,-4,-38,-87,3,-18,-13,51,29,17,71,15,105,48,92,130,133,156,195,161,172,125
2004-09-15 08:13:19,164,145,120,186,199,158,166,153,181,155,229,163,224,156,170,172,123,182,152,156,154,166,46,112,73,35,0,55,21,22,22,-55,23,-13,46,15,23,-60,-14,-43,-19,-33,-29,-95,-65,-31,-117,-73,-91,-66
2004-09-15 08:13:20,-156,-58,-126,-65,-94,-99,-155,-133,-190,-157,-144,-155,-143,-160,-145,-146,-148,-156,-143,-103,-162,-198,-183,-122,-137,-173,-225,-196,-133,-160,-153,-166,-178,-140,-153,-215,-209,-224,-174,-156,-150,-193,-178,-145,-208,-167,-168,-203,-157,-181
2004-09-15 08:13:21,-239,-138,-254,-178,-203,-140,-191,-212,-236,-202,-152,-215,-181,-250,-196,-180,-206,-170,-251,-221,-205,-209,-211,-216,-196,-218,-185,-185,-167,-206,-218,-188,-188,-182,-131,-186,-172,-143,-100,-193,-105,-144,-132,-53,-43,-113,-51,39,-9,4
2004-09-15 08:13:22,-25,7,62,66,100,-4,116,121,62,126,92,117,159,186,119,208,138,160,191,169,151,156,167,200,185,190,137,136,211,192,196,200,213,143,143,189,133,121,121,114,109,111,27,66,20,41,37,35,30,28
2004-09-15 08:13:23,-34,-22,-16,8,-15,-54,-1,-75,-64,-65,-78,-81,-97,-117,-60,-75,-74,-121,-57,-86,-97,-128,-153,-146,-122,-111,-127,-160,-145,-168,-191,-124,-126,-137,-151,-220,-137,-144,-200,-140,-197,-136,-204,-196,-132,-154,-201,-151,-171,-193
2004-09-15 08:13:24,-153,-183,-150,-212,-176,-176,-226,-230,-190,-190,-201,-238,-153,-164,-173,-161,-208,-211,-240,-172,-186,-166,-204,-215,-205,-215,-163,-185,-228,-145,-150,-225,-224,-161,-223,-230,-207,-154,-211,-208,-217,-174,-180,-134,-198,-191,-152,-170,-188,-218
2004-09-15 08:13:25,-160,-180,-166,-139,-142,-97,-131,-122,-89,-116,-34,-107,-51,-62,-67,10,0,13,39,81,30,40,33,82,78,161,123,127,138,146,139,140,217,166,191,172,164,172,172,188,169,156,160,199,179,172,189,177,137,155
2004-09-15 08:13:26,142,147,73,147,47,103,127,83,100,56,68,11,13,47,31,-6,20,42,-32,66,-26,-15,-77,-50,-46,-88,-89,-33,-75,-60,-84,-22,-88,-66,-104,-118,-170,-101,-89,-125,-137,-117,-99,-174,-123,-126,-168,-134,-160,-157
2004-09-15 08:13:27,-154,-128,-102,-153,-176,-184,-146,-136,-145,-199,-127,-115,-214,-167,-175,-168,-214,-199,-135,-184,-201,-94,-144,-177,-165,-164,-165,-185,-201,-192,-177,-170,-145,-185,-201,-133,-219,-181,-172,-211,-178,-204,-183,-180,-179,-168,-185,-160,-170,-176
2004-09-15 08:13:28,-203,-227,-197,-216,-258,-213,-102,-165,-145,-203,-153,-195,-168,-188,-170,-206,-152,-183,-164,-198,-195,-138,-145,-113,-113,-45,-43,-104,-39,-62,-34,11,-42,-24,-11,49,18,11,74,82,81,116,146,103,142,123,179,176,167,211
2004-09-15 08:13:29,175,143,202,153,200,245,154,168,197,202,182,188,159,157,175,141,175,123,169,119,147,116,65,99,115,83,37,45,80,45,24,32,6,-15,84,-1,18,-13,17,1,-43,-52,-44,-18,-28,-53,-82,-86,-81,-67
2004-09-15 08:13:30,-62,-102,-93,-82,-140,-130,-105,-153,-91,-123,-128,-118,-117,-122,-103,-136,-84,-133,-163,-110,-160,-199,-137,-142,-175,-144,-160,-173,-166,-172,-156,-135,-175,-157,-146,-161,-165,-176,-157,-186,-141,-193,-213,-175,-161,-157,-165,-234,-195,-161
2004-09-15 08:13:31,-212,-205,-170,-217,-175,-190,-217,-211,-161,-176,-185,-146,-199,-203,-185,-220,-225,-184,-139,-182,-185,-208,-199,-155,-189,-189,-207,-226,-181,-211,-209,-152,-206,-166,-208,-172,-144,-170,-193,-131,-160,-126,-29,-81,-132,-41,-59,-8,-1,-34
2004-09-15 08:13:32,23,29,20,100,56,94,89,72,144,119,177,122,197,182,135,156,185,207,176,170,183,179,187,217,191,156,249,190,209,180,183,203,199,215,164,120,129,90,72,132,133,96,68,92,118,50,64,74,59,15
2004-09-15 08:13:33,-9,-8,-8,-6,-32,-37,-24,-23,-9,-18,-72,-33,-71,-101,-51,-56,-67,-140,-88,-135,-107,-96,-108,-78,-153,-155,-110,-125,-138,-97,-121,-138,-122,-133,-135,-132,-140,-99,-140,-149,-155,-146,-158,-155,-170,-203,-178,-187,-205,-205
2004-09-15 08:13:34,-158,-149,-148,-173,-178,-139,-159,-198,-198,-181,-154,-190,-191,-185,-157,-224,-153,-160,-182,-161,-154,-215,-179,-229,-214,-199,-190,-206,-189,-215,-211,-173,-212,-191,-205,-206,-180,-181,-207,-166,-167,-167,-169,-151,-201,-153,-174,-191,-210,-194
2004-09-15 08:13:35,-194,-168,-122,-153,-159,-121,-152,-116,-98,-60,-65,-51,-37,-25,-7,-17,-45,18,37,55,90,82,51,51,75,69,156,61,109,182,174,188,124,152,190,217,140,202,212,210,177,161,199,155,168,151,236,185,195,201
2004-09-15 08:13:36,227,188,171,154,115,128,114,105,129,44,72,27,10,62,35,12,4,44,3,58,-17,-17,-51,-58,-30,-44,-36,-40,-132,-69,-107,-85,-93,-45,-103,-116,-91,-73,-143,-115,-54,-94,-159,-126,-120,-112,-154,-124,-133,-108
2004-09-15 08:13:37,-151,-176,-149,-149,-176,-170,-132,-155,-151,-154,-145,-155,-170,-143,-94,-155,-174,-198,-131,-203,-159,-190,-209,-182,-165,-192,-152,-171,-198,-184,-163,-189,-197,-203,-185,-181,-199,-175,-136,-203,-197,-188,-194,-211,-185,-171,-206,-186,-158,-193
2004-09-15 08:13:38,-208,-171,-199,-188,-118,-199,-236,-159,-172,-216,-208,-201,-220,-191,-231,-217,-191,-143,-162,-146,-129,-161,-103,-85,-108,-121,-87,-75,-116,-62,2,10,50,38,-8,52,-22,43,93,81,99,92,116,148,93,77,185,118,173,186
2004-09-15 08:13:39,174,147,196,182,168,171,195,199,191,204,212,215,148,196,196,253,215,147,155,158,192,90,126,59,90,89,48,57,112,55,39,9,4,50,26,-5,-14,-24,-22,1,38,-7,-62,-58,-17,-64,-39,-71,-103,-75
2004-09-15 08:13:40,-74,-61,-100,-115,-64,-91,-104,-134,-74,-123,-78,-183,-212,-135,-110,-161,-109,-91,-152,-122,-140,-161,-153,-186,-144,-116,-122,-149,-194,-140,-184,-176,-171,-214,-154,-167,-177,-218,-194,-173,-187,-190,-193,-145,-184,-108,-172,-207,-191,-177
2004-09-15 08:13:41,-174,-183,-198,-163,-192,-225,-187,-168,-159,-175,-194,-164,-160,-187,-192,-208,-218,-176,-170,-177,-210,-149,-174,-181,-162,-172,-239,-150,-158,-184,-167,-149,-191,-171,-175,-155,-185,-149,-129,-130,-107,-80,-86,-74,-74,-32,-40,-44,-46,-5
2004-09-15 08:13:42,8,71,53,62,93,61,76,93,164,105,158,140,142,186,140,221,182,176,166,214,195,162,203,217,160,202,196,183,168,137,220,178,143,202,138,195,137,144,163,112,123,100,90,105,88,56,68,39,14,38
2004-09-15 08:13:43,25,17,-9,-45,-15,-9,-23,-26,-74,-37,-27,-86,-17,-49,-72,-48,-72,-123,-83,-60,-81,-80,-118,-118,-110,-73,-101,-128,-148,-129,-139,-122,-110,-135,-123,-147,-144,-119,-114,-127,-157,-173,-149,-174,-165,-232,-178,-141,-164,-185
2004-09-15 08:13:44,-140,-148,-216,-163,-149,-158,-155,-177,-189,-118,-154,-175,-228,-194,-148,-193,-175,-189,-195,-206,-138,-190,-152,-179,-202,-136,-227,-141,-191,-192,-175,-184,-187,-194,-212,-229,-165,-151,-188,-210,-224,-195,-190,-226,-193,-184,-244,-187,-132,-127
2004-09-15 08:13:45,-168,-159,-117,-125,-172,-141,-113,-145,-93,-88,-125,-27,-8,-63,-12,-35,-5,68,3,48,66,90,86,106,65,106,111,123,129,163,106,211,144,196,170,189,159,158,159,209,181,141,173,211,135,179,169,176,201,197
2004-09-15 08:13:46,130,176,145,134,160,157,122,110,150,75,57,62,61,18,73,50,71,42,13,9,27,-5,8,-35,-40,-10,8,-37,-2,-60,-43,-55,-66,-103,-88,-73,-68,-51,-66,-108,-54,-72,-79,-114,-92,-117,-110,-114,-127,-144
2004-09-15 08:13:47,-195,-148,-161,-177,-150,-133,-156,-147,-142,-146,-130,-138,-170,-177,-206,-78,-134,-186,-195,-153,-137,-153,-194,-174,-179,-190,-138,-213,-142,-118,-116,-163,-178,-171,-180,-143,-150,-147,-174,-154,-217,-136,-196,-134,-214,-200,-162,-194,-173,-171
2004-09-15 08:13:48,-177,-183,-166,-183,-177,-153,-186,-213,-223,-186,-160,-165,-234,-146,-168,-186,-151,-171,-207,-123,-176,-138,-120,-144,-102,-86,-78,-55,-30,-33,-43,-19,1,-69,-8,14,35,95,34,110,38,101,103,140,129,164,160,244,196,198
2004-09-15 08:13:49,171,210,164,209,191,167,188,204,159,233,206,197,199,208,243,210,219,182,164,138,146,142,145,111,110,133,88,51,84,103,35,35,62,80,19,31,74,-3,-3,-7,3,7,-27,-9,-35,27,-46,-118,-27,-72
2004-09-15 08:13:50,-87,-89,-122,-73,-109,-81,-88,-58,-141,-63,-146,-120,-75,-95,-141,-139,-104,-110,-105,-158,-97,-158,-131,-125,-114,-144,-155,-138,-122,-137,-95,-102,-115,-104,-187,-143,-127,-154,-149,-152,-213,-183,-173,-147,-172,-191,-119,-200,-169,-155
2004-09-15 08:13:51,-151,-153,-203,-177,-122,-166,-198,-144,-248,-138,-164,-182,-156,-178,-183,-173,-193,-150,-160,-149,-154,-171,-195,-158,-181,-205,-202,-189,-186,-169,-151,-148,-180,-149,-128,-162,-143,-160,-125,-106,-125,-108,-82,-57,-81,-86,-52,-37,17,-20
2004-09-15 08:13:52,25,-17,104,39,37,60,95,109,124,137,102,123,150,187,150,197,173,161,171,186,200,166,223,194,170,145,182,187,170,201,189,197,188,217,163,148,162,171,156,127,79,121,98,91,76,80,32,62,52,41
2004-09-15 08:13:53,4,18,48,31,27,-38,9,-7,-33,-9,-28,3,8,-53,-31,-56,-121,-57,-45,-110,-95,-122,-70,-103,-76,-99,-107,-90,-100,-153,-134,-101,-101,-147,-86,-134,-139,-164,-134,-146,-144,-99,-156,-192,-149,-129,-129,-144,-116,-192
2004-09-15 08:13:54,-171,-152,-158,-177,-140,-177,-156,-164,-191,-158,-173,-161,-228,-156,-138,-193,-152,-112,-173,-177,-230,-133,-151,-174,-138,-116,-181,-214,-164,-147,-165,-143,-223,-155,-189,-178,-173,-131,-186,-148,-144,-151,-176,-158,-172,-178,-202,-203,-191,-139
2004-09-15 08:13:55,-199,-187,-147,-128,-166,-115,-131,-97,-52,-93,-72,-45,-95,-2,-6,-32,18,63,20,34,18,81,104,55,82,121,92,122,79,150,169,161,216,194,186,222,130,238,217,215,167,186,226,188,242,172,174,172,162,213
2004-09-15 08:13:56,180,164,252,150,180,171,137,73,119,69,125,97,67,66,18,65,56,70,13,44,8,-27,-23,17,-31,-32,-29,-20,-34,-17,-28,-65,-78,-1,-91,-110,-63,-67,-71,-65,-132,-100,-122,-125,-118,-77,-113,-78,-156,-166
2004-09-15 08:13:57,-98,-112,-164,-106,-132,-183,-100,-211,-137,-124,-150,-163,-90,-176,-174,-124,-130,-183,-113,-169,-175,-221,-166,-166,-249,-153,-164,-168,-179,-165,-160,-135,-143,-187,-192,-156,-173,-139,-156,-157,-189,-198,-162,-165,-237,-170,-145,-184,-217,-167
2004-09-15 08:13:58,-144,-171,-190,-173,-115,-181,-201,-177,-173,-192,-225,-241,-166,-176,-133,-166,-191,-173,-179,-163,-176,-148,-148,-121,-90,-84,-92,-81,-34,-4,12,21,-5,19,81,38,-7,54,89,50,45,146,117,139,167,150,162,192,153,250
2004-09-15 08:13:59,178,204,182,154,212,249,206,215,218,226,189,233,209,222,125,184,196,183,151,198,135,199,150,98,105,116,84,41,103,66,22,81,47,16,9,-43,57,-6,-22,1,-3,12,-53,-42,-79,-68,-64,-27,-10,-8
2004-09-15 08:14:00,-86,-68,-67,-80,-76,-143,-70,-92,-114,-126,-96,-124,-146,-109,-167,-112,-133,-116,-153,-192,-106,-84,-136,-170,-154,-133,-156,-153,-134,-153,-132,-212,-163,-152,-179,-152,-137,-125,-160,-110,-185,-158,-146,-146,-149,-203,-126,-201,-155,-194
2004-09-15 08:14:01,-187,-148,-157,-151,-139,-149,-171,-171,-164,-173,-176,-140,-169,-196,-117,-174,-160,-190,-173,-200,-156,-162,-168,-142,-143,-194,-155,-239,-199,-223,-156,-227,-127,-210,-142,-187,-113,-130,-151,-29,-75,-64,-123,-46,-27,-37,-45,20,-30,-19
2004-09-15 08:14:02,15,27,17,62,48,112,106,70,104,113,165,130,140,144,159,177,215,187,163,212,197,224,226,188,211,197,192,182,216,208,196,183,173,210,177,183,181,165,130,96,124,117,118,108,57,119,63,128,78,5
2004-09-15 08:14:03,26,22,47,-21,17,31,-39,45,-24,-67,-11,-8,-57,-51,-65,-96,-33,-69,-90,-81,-89,-124,-62,-97,-116,-102,-138,-123,-138,-104,-169,-91,-118,-108,-103,-87,-79,-186,-120,-105,-155,-119,-67,-185,-87,-160,-165,-97,-191,-149
2004-09-15 08:14:04,-150,-167,-145,-184,-151,-169,-96,-163,-209,-183,-145,-118,-190,-229,-174,-193,-153,-201,-151,-189,-147,-150,-166,-164,-200,-148,-203,-182,-166,-183,-204,-146,-205,-229,-191,-148,-145,-152,-178,-137,-152,-160,-181,-148,-143,-185,-184,-182,-165,-189
2004-09-15 08:14:05,-119,-159,-173,-184,-119,-102,-108,-121,-101,-109,-59,-102,-25,-21,-50,-34,4,14,57,85,81,50,76,62,142,119,132,136,154,147,219,210,219,206,180,208,213,200,160,227,249,163,229,211,167,191,199,216,161,171
2004-09-15 08:14:06,191,216,188,176,212,165,129,165,123,86,77,98,139,130,81,27,46,32,30,15,-12,28,10,27,-38,-41,0,-59,-37,-58,18,-44,-84,-32,-67,-32,-67,-75,-19,-127,-68,-98,-72,-99,-88,-81,-148,-98,-121,-105
2004-09-15 08:14:07,-141,-139,-83,-143,-109,-174,-158,-130,-168,-131,-70,-123,-147,-136,-164,-160,-133,-165,-140,-164,-167,-167,-109,-158,-176,-113,-169,-159,-164,-166,-144,-174,-171,-206,-173,-174,-195,-166,-126,-197,-173,-216,-168,-212,-187,-173,-145,-177,-211,-192
2004-09-15 08:14:08,-168,-155,-145,-166,-103,-188,-170,-222,-184,-154,-178,-190,-228,-169,-174,-197,-126,-156,-137,-141,-164,-141,-112,-103,-92,-81,-61,-68,-26,-17,-48,33,4,-5,37,53,80,59,73,-2,122,109,118,124,163,204,120,179,204,213
2004-09-15 08:14:09,166,178,199,142,136,187,182,218,195,181,186,204,214,200,179,218,208,215,149,178,197,156,145,137,162,127,140,57,108,119,91,100,49,43,17,0,-22,21,-14,-14,-33,-34,-52,-21,17,-26,-65,-17,13,-41
2004-09-15 08:14:10,-73,-8,-65,-92,-84,-89,-83,-100,-49,-114,-74,-74,-83,-84,-55,-150,-107,-137,-161,-102,-126,-112,-167,-106,-99,-139,-129,-130,-154,-145,-106,-149,-177,-118,-143,-87,-101,-131,-114,-142,-146,-165,-158,-90,-198,-159,-181,-145,-133,-202
2004-09-15 08:14:11,-175,-239,-149,-129,-159,-170,-127,-142,-95,-177,-190,-170,-152,-133,-188,-192,-156,-126,-171,-180,-102,-184,-144,-117,-144,-193,-172,-199,-203,-131,-186,-179,-169,-180,-130,-169,-126,-115,-106,-103,-133,-66,-98,-94,-81,-45,-61,-15,10,7
2004-09-15 08:14:12,-29,31,80,55,98,60,103,38,109,98,51,122,142,190,125,158,200,153,180,191,182,195,196,206,168,221,183,223,160,195,222,203,242,178,207,200,172,152,147,162,106,147,85,64,141,73,113,106,74,63
2004-09-15 08:14:13,55,17,-3,25,-17,89,-19,84,3,-3,-5,-18,1,-23,-5,-10,-41,-64,-32,-99,-61,-45,-61,-94,-64,-82,-119,-82,-113,-104,-72,-126,-113,-59,-110,-106,-122,-117,-77,-117,-75,-152,-129,-117,-88,-127,-131,-141,-156,-100
2004-09-15 08:14:14,-142,-156,-143,-127,-121,-166,-121,-174,-166,-123,-162,-159,-132,-143,-126,-175,-150,-121,-194,-156,-134,-127,-144,-203,-131,-170,-119,-133,-195,-161,-176,-125,-132,-181,-127,-157,-176,-125,-96,-158,-152,-153,-177,-206,-144,-177,-178,-122,-184,-174
2004-09-15 08:14:15,-172,-206,-153,-192,-100,-125,-129,-61,-73,-30,-62,-74,-31,-30,-11,-21,-37,30,33,92,1,63,50,114,87,98,130,84,153,170,146,176,162,148,257,225,243,242,195,254,248,218,203,205,189,176,172,208,244,207
2004-09-15 08:14:16,165,155,176,165,154,147,152,100,156,93,140,133,118,73,91,81,9,86,69,-3,-14,78,15,43,-66,-4,-5,-17,-39,-57,-29,-76,-54,-48,-33,-53,-50,-41,-75,-50,-128,-78,-71,-73,-106,-83,-57,-122,-137,-117
2004-09-15 08:14:17,-111,-89,-145,-115,-79,-164,-148,-151,-94,-100,-117,-157,-198,-93,-131,-184,-105,-148,-131,-187,-143,-193,-178,-98,-140,-162,-140,-150,-153,-171,-181,-132,-173,-170,-164,-166,-126,-123,-170,-141,-205,-136,-166,-154,-185,-175,-153,-159,-153,-146
2004-09-15 08:14:18,-93,-193,-137,-134,-154,-137,-151,-194,-173,-171,-151,-94,-201,-165,-162,-184,-120,-180,-107,-163,-194,-125,-94,-140,-55,-58,-52,-74,-51,-35,6,-16,-26,44,85,38,66,38,64,134,101,83,94,151,151,145,165,145,154,186
2004-09-15 08:14:19,202,170,160,213,227,198,207,211,216,187,145,183,187,188,221,212,203,199,163,249,217,195,159,190,119,87,129,105,152,96,58,81,104,100,66,32,79,2,6,25,6,-8,19,6,-22,-52,-41,-21,3,8
2004-09-15 08:14:20,-44,-103,-93,-52,-12,-67,-93,-76,-103,-96,-118,-101,-73,-135,-133,-81,-88,-83,-107,-101,-109,-58,-131,-144,-102,-119,-121,-149,-172,-151,-145,-148,-206,-165,-164,-153,-98,-151,-118,-124,-169,-144,-180,-155,-187,-170,-145,-135,-170,-158
2004-09-15 08:14:23,45,65,55,10,2,4,73,28,6,-19,10,-35,-12,-36,-32,-33,-64,-50,-10,-84,-40,-20,-106,-108,-59,-64,-75,-143,-72,-111,-122,-107,-111,-97,-91,-75,-99,-111,-150,-112,-93,-123,-118,-164,-117,-62,-87,-80,-150,-97
2004-09-15 08:14:24,-161,-110,-169,-164,-157,-154,-171,-166,-138,-158,-154,-148,-136,-147,-191,-155,-176,-159,-189,-179,-113,-154,-187,-208,-162,-128,-227,-174,-167,-124,-159,-159,-160,-219,-150,-154,-179,-175,-172,-152,-129,-184,-193,-171,-144,-142,-130,-158,-186,-173
2004-09-15 08:14:25,-182,-164,-176,-112,-100,-123,-105,-65,-27,-84,-44,-28,-67,-25,-11,-37,-12,58,12,97,51,52,84,128,143,86,97,116,183,140,137,177,163,249,189,219,200,186,217,210,215,197,185,171,194,212,249,179,205,185
2004-09-15 08:14:26,232,213,243,191,198,182,176,128,96,134,117,126,93,143,111,100,85,73,60,32,25,47,34,54,-28,-39,-5,-10,4,-37,-71,-62,-26,-74,-27,-52,-59,-20,-83,-74,-107,-54,-80,-84,-66,-131,-103,-114,-70,-191
2004-09-15 08:14:27,-113,-121,-104,-169,-135,-134,-145,-142,-143,-123,-154,-179,-137,-103,-129,-129,-129,-120,-147,-126,-143,-84,-167,-154,-176,-178,-112,-163,-145,-160,-93,-158,-107,-192,-122,-136,-115,-152,-164,-109,-149,-135,-165,-117,-122,-154,-130,-127,-136,-157
2004-09-15 08:14:28,-158,-150,-195,-173,-126,-184,-156,-205,-174,-152,-183,-110,-191,-203,-127,-167,-125,-144,-141,-111,-143,-119,-104,-85,-104,-38,-36,-56,-21,-61,-40,4,-24,-18,30,86,1,73,86,66,63,110,123,103,135,124,117,179,203,223
2004-09-15 08:14:29,181,154,243,226,206,220,216,201,235,195,215,214,219,236,221,208,210,158,161,233,223,209,201,204,110,148,133,98,133,102,31,88,64,53,83,43,52,38,20,22,45,15,12,-13,-13,-18,-45,-76,-38,-61
2004-09-15 08:14:30,-76,-73,-69,-75,-57,-36,-54,-84,-93,-81,-56,-90,-98,-136,-87,-181,-100,-82,-95,-99,-82,-115,-94,-132,-88,-159,-94,-117,-100,-154,-113,-146,-130,-153,-85,-140,-134,-169,-150,-144,-166,-136,-142,-147,-158,-162,-183,-165,-172,-141
2004-09-15 08:14:31,-173,-156,-131,-142,-110,-202,-155,-141,-127,-215,-166,-126,-137,-173,-173,-117,-167,-169,-170,-144,-170,-190,-175,-146,-127,-196,-198,-159,-177,-211,-134,-136,-187,-127,-215,-171,-167,-134,-156,-132,-128,-94,-116,-96,-103,-53,-56,-1,-41,11
2004-09-15 08:14:32,-11,-33,6,4,72,69,39,154,120,51,144,152,143,208,171,173,258,199,199,227,211,230,204,160,211,251,211,206,242,220,248,230,194,224,196,205,212,270,199,145,161,144,189,129,120,108,86,105,69,104
2004-09-15 08:14:33,80,73,21,15,71,35,29,10,11,18,-13,-21,1,-30,4,-16,-22,-45,-36,-75,-23,-46,-60,-41,-110,-53,-115,-21,-123,-79,-83,-104,-71,-138,-147,-78,-83,-149,-107,-129,-130,-76,-67,-101,-90,-151,-143,-111,-117,-121
2004-09-15 08:14:34,-144,-160,-124,-82,-135,-115,-101,-187,-105,-170,-168,-170,-122,-126,-160,-165,-88,-175,-123,-164,-133,-144,-167,-157,-166,-190,-204,-145,-160,-173,-139,-186,-138,-157,-110,-155,-162,-137,-144,-175,-133,-173,-167,-179,-135,-162,-153,-137,-101,-184
2004-09-15 08:14:35,-144,-138,-163,-160,-154,-128,-108,-100,-96,-92,-73,-82,-6,-27,-7,-7,8,-1,16,56,18,34,136,75,23,51,88,177,108,163,147,169,224,180,203,189,167,215,257,248,248,255,258,201,269,188,198,185,222,192
2004-09-15 08:14:36,194,190,189,158,151,166,149,153,142,150,69,110,97,76,109,83,96,97,52,76,30,31,34,28,-5,-3,-2,-43,-22,-30,21,-55,-32,-64,-39,-77,-7,-47,-57,-45,-75,-110,-138,-75,-86,-54,-115,-89,-51,-88
2004-09-15 08:14:37,-82,-103,-105,-95,-117,-144,-153,-133,-157,-168,-150,-176,-84,-137,-140,-79,-107,-157,-149,-139,-178,-103,-97,-155,-176,-144,-180,-124,-124,-125,-159,-156,-187,-167,-158,-172,-153,-111,-168,-142,-214,-139,-176,-119,-128,-170,-173,-197,-98,-131
2004-09-15 08:14:38,-199,-165,-153,-178,-128,-150,-203,-145,-122,-149,-128,-168,-145,-147,-155,-130,-147,-133,-90,-96,-166,-154,-129,-131,-103,-71,-74,-42,-13,-62,-2,25,5,-11,5,33,70,39,61,43,100,88,154,141,79,97,111,143,196,216
2004-09-15 08:14:39,141,220,242,240,200,175,208,223,205,188,213,216,200,195,256,234,249,223,196,219,157,189,112,157,144,139,151,128,76,136,89,96,105,91,47,19,34,10,102,19,32,7,-12,31,-18,-14,20,-39,-85,-35
2004-09-15 08:14:40,-29,-25,-16,-27,-55,-45,-19,-73,-86,-58,-50,-71,-21,-136,-117,-74,-66,-69,-108,-122,-75,-100,-98,-109,-105,-166,-120,-83,-116,-111,-127,-139,-142,-154,-135,-97,-163,-148,-123,-154,-92,-102,-147,-122,-91,-141,-124,-146,-111,-176
2004-09-15 08:14:41,-167,-129,-160,-134,-180,-152,-144,-139,-156,-169,-127,-129,-211,-180,-138,-145,-191,-176,-167,-185,-145,-161,-146,-177,-164,-165,-160,-168,-94,-190,-172,-158,-133,-105,-172,-136,-115,-188,-90,-138,-123,-67,-48,-74,-25,-43,-32,-24,-14,-43
2004-09-15 08:14:42,31,61,31,29,107,77,58,112,126,140,194,127,190,190,177,154,208,199,235,194,189,178,257,244,239,230,218,221,220,189,235,195,175,206,224,217,222,223,209,164,210,161,168,100,175,112,122,165,72,117
2004-09-15 08:14:43,108,64,65,67,69,44,12,21,67,38,28,-6,-5,-13,-12,11,-68,-50,-41,-45,-67,-57,-66,-65,-123,-49,-97,-82,-39,-130,-104,-113,-89,-108,-83,-92,-91,-166,-60,-110,-107,-144,-62,-150,-163,-130,-100,-62,-128,-104
2004-09-15 08:14:44,-105,-172,-180,-134,-143,-202,-90,-121,-149,-116,-107,-128,-131,-114,-132,-152,-182,-131,-128,-160,-210,-132,-183,-158,-106,-130,-190,-166,-153,-81,-153,-143,-147,-155,-109,-130,-128,-163,-140,-152,-120,-113,-145,-155,-154,-152,-144,-126,-118,-155
2004-09-15 08:14:45,-137,-168,-140,-148,-138,-87,-136,-112,-55,-78,-64,-26,4,-71,2,-5,9,30,6,82,56,61,91,101,73,106,136,103,175,175,139,191,193,213,169,203,191,252,215,187,233,223,216,212,224,173,260,229,193,224
2004-09-15 08:14:46,234,238,218,136,164,152,174,150,113,146,203,119,133,89,87,128,73,59,53,70,78,30,59,38,36,-4,38,-16,3,3,-23,-8,5,-16,-49,-76,-29,-29,-73,-39,-94,-44,-103,-91,-126,-78,-73,-99,-91,-118
2004-09-15 08:14:47,-53,-81,-77,-144,-105,-79,-61,-117,-76,-93,-119,-189,-140,-149,-106,-99,-115,-149,-194,-110,-100,-169,-58,-142,-176,-163,-123,-139,-136,-113,-151,-194,-146,-147,-127,-136,-120,-121,-129,-161,-152,-89,-173,-143,-127,-139,-108,-149,-177,-140
2004-09-15 08:14:48,-175,-142,-177,-133,-163,-128,-127,-137,-182,-177,-189,-186,-135,-138,-138,-135,-165,-152,-112,-174,-183,-82,-125,-153,-131,-94,-85,-94,-32,-44,-14,-16,-4,-19,-16,40,35,48,69,50,110,98,123,130,136,150,166,189,185,204
2004-09-15 08:14:49,221,221,229,263,248,207,254,231,243,226,224,218,201,183,226,211,210,210,236,182,166,208,182,192,170,163,140,58,75,138,122,96,109,107,100,114,24,12,36,27,47,11,63,2,-7,-24,-22,-51,3,-51
2004-09-15 08:14:50,-42,-37,-16,-44,-32,-15,-51,-32,-75,-89,-96,-72,-95,-84,-39,-97,-107,-113,-93,-101,-121,-91,-110,-121,-107,-118,-152,-91,-99,-122,-107,-118,-144,-110,-83,-174,-120,-80,-102,-92,-150,-146,-123,-153,-148,-164,-82,-155,-167,-144
2004-09-15 08:14:51,-153,-122,-143,-130,-160,-126,-119,-119,-177,-133,-169,-170,-174,-193,-176,-155,-146,-161,-164,-101,-150,-181,-104,-135,-123,-137,-162,-161,-146,-148,-157,-168,-171,-149,-158,-194,-86,-169,-93,-123,-111,-84,-33,-34,-17,-23,-24,-11,-6,-5
2004-09-15 08:14:52,2,2,26,102,44,55,92,119,60,132,88,156,121,130,131,154,232,194,216,211,248,205,207,198,211,212,214,258,248,241,179,213,246,220,241,187,236,249,218,176,207,129,202,166,131,138,175,154,131,72
2004-09-15 08:14:53,54,50,45,65,73,19,44,1,65,38,-58,28,-19,19,13,8,-16,14,-9,-38,-14,-57,-19,-4,-20,-80,-85,-66,-46,-103,-55,-98,-106,-122,-112,-106,-89,-120,-124,-100,-85,-104,-102,-121,-85,-115,-94,-134,-77,-93
2004-09-15 08:14:54,-125,-135,-134,-127,-125,-108,-102,-108,-99,-124,-76,-143,-146,-139,-83,-122,-110,-168,-108,-119,-135,-182,-103,-166,-164,-165,-155,-175,-166,-141,-146,-133,-117,-135,-144,-176,-141,-163,-137,-186,-175,-136,-198,-218,-211,-147,-119,-177,-98,-130
2004-09-15 08:14:55,-157,-176,-95,-159,-92,-163,-121,-65,-73,-53,-72,-142,-21,-19,-33,-40,11,8,31,39,35,77,33,85,77,75,75,140,136,147,118,188,162,160,273,229,214,259,239,232,219,231,216,249,280,160,217,219,237,200
2004-09-15 08:14:56,211,236,223,192,235,129,191,144,172,174,143,133,133,121,107,147,92,44,132,46,93,42,12,-7,33,-30,31,-3,-34,-21,-7,-28,-56,1,-78,-65,-42,5,-64,-55,-86,-111,-76,-91,-108,-99,-65,-71,-131,-52
2004-09-15 08:14:57,-33,-87,-66,-121,-62,-137,-106,-142,-92,-145,-128,-155,-107,-124,-96,-135,-124,-138,-148,-144,-98,-154,-154,-152,-141,-135,-155,-128,-155,-128,-146,-178,-162,-126,-139,-142,-181,-125,-158,-143,-97,-136,-77,-102,-150,-175,-128,-141,-147,-158
2004-09-15 08:14:58,-186,-171,-125,-105,-134,-49,-115,-154,-119,-136,-153,-166,-154,-146,-153,-146,-187,-105,-139,-180,-176,-69,-115,-113,-98,-129,-35,-93,-56,-45,-47,-8,-19,-39,37,-7,42,11,78,104,115,130,144,86,129,141,123,195,139,197
2004-09-15 08:14:59,184,198,224,211,199,203,261,252,222,210,203,243,192,218,266,196,255,208,184,228,194,188,209,169,234,162,134,129,155,155,83,142,110,47,55,71,80,55,90,68,20,19,46,-16,38,43,-5,-3,-56,-16
2004-09-15 08:15:00,-48,-33,-71,-40,-60,-1,-54,-73,-88,-73,-86,-92,-66,-84,-119,-88,-59,-89,-107,-103,-74,-83,-113,-64,-111,-95,-148,-99,-116,-105,-94,-137,-142,-126,-129,-111,-144,-123,-133,-131,-131,-131,-134,-170,-162,-126,-156,-138,-115,-127
2004-09-15 08:15:01,-149,-133,-157,-117,-141,-99,-173,-157,-150,-161,-123,-185,-158,-118,-171,-206,-122,-109,-145,-154,-110,-166,-100,-153,-166,-133,-139,-163,-156,-123,-164,-183,-106,-173,-175,-166,-122,-152,-145,-140,-83,-80,-123,-107,-51,-24,-39,-66,-37,9
2004-09-15 08:15:02,0,53,1,43,83,71,92,92,63,123,85,131,139,184,181,157,206,205,259,243,185,178,286,242,257,224,224,242,176,214,263,246,173,212,210,202,182,209,169,171,146,150,119,162,163,128,171,89,82,67
2004-09-15 08:15:03,36,40,73,114,54,72,62,14,4,-6,-21,6,34,-3,45,-14,-17,-48,-52,-24,-33,-86,-56,-44,-65,-90,-76,-92,-71,-109,-53,-37,-123,-98,-82,-20,-54,-84,-125,-102,-79,-90,-65,-127,-101,-124,-36,-102,-116,-119
2004-09-15 08:15:04,-106,-106,-100,-145,-76,-134,-91,-91,-117,-68,-123,-179,-104,-132,-148,-193,-120,-126,-161,-132,-143,-125,-154,-160,-111,-123,-123,-157,-161,-114,-194,-112,-115,-183,-198,-119,-67,-171,-111,-84,-99,-113,-174,-142,-136,-106,-191,-94,-119,-147
2004-09-15 08:15:05,-153,-155,-149,-129,-130,-112,-144,-101,-145,-106,-83,-53,-26,-86,1,17,-46,-2,56,73,44,99,81,117,79,73,96,134,181,161,149,169,208,208,213,207,227,190,233,236,215,199,226,227,193,247,185,250,203,212
2004-09-15 08:15:06,253,202,222,261,228,188,201,146,188,176,135,198,123,136,103,91,109,66,84,69,70,45,55,33,65,71,86,38,5,14,12,-1,9,-54,-8,-32,-33,-46,4,26,-52,-67,-83,-85,-35,-106,-76,-62,-86,-44
2004-09-15 08:15:07,-77,-69,-78,-64,-102,-54,-126,-102,-97,-110,-156,-108,-154,-136,-132,-136,-142,-111,-180,-95,-152,-127,-72,-126,-161,-132,-135,-123,-153,-161,-151,-139,-123,-138,-157,-125,-148,-135,-110,-158,-154,-135,-128,-125,-120,-151,-151,-132,-123,-112
2004-09-15 08:15:08,-92,-92,-164,-144,-127,-134,-143,-131,-169,-171,-124,-144,-121,-105,-141,-94,-164,-111,-116,-107,-129,-117,-104,-89,-152,-106,-79,-100,-100,-46,20,-40,-18,28,12,16,25,74,44,69,70,120,107,91,142,191,147,152,183,185
2004-09-15 08:15:09,226,162,236,229,233,276,177,153,240,258,211,229,240,234,228,149,220,229,225,226,224,216,216,193,185,119,164,175,132,173,121,139,62,88,113,74,66,116,84,15,29,3,15,31,-20,18,9,8,-19,-36
2004-09-15 08:15:10,-16,-25,11,7,-55,-24,-32,-25,-84,-71,-82,-42,-93,-72,-68,-70,-83,-75,-99,-36,-76,-128,-133,-113,-104,-72,-85,-130,-157,-112,-134,-131,-147,-101,-113,-139,-144,-114,-121,-89,-131,-130,-151,-169,-124,-170,-140,-117,-120,-127
2004-09-15 08:15:11,-158,-111,-142,-151,-107,-180,-116,-127,-121,-184,-146,-142,-139,-170,-113,-156,-116,-148,-127,-149,-145,-138,-126,-168,-124,-173,-171,-155,-144,-163,-120,-123,-112,-209,-104,-133,-126,-97,-130,-128,-120,-85,-80,-61,-56,-52,-70,-43,14,-16
2004-09-15 08:15:12,18,-18,37,80,56,96,50,80,133,127,130,154,171,137,178,194,186,165,204,206,246,223,224,222,233,194,235,273,283,255,191,255,249,212,193,212,259,233,230,180,204,169,186,177,120,163,125,147,75,125
2004-09-15 08:15:13,104,93,94,98,36,55,85,56,46,33,38,-11,12,72,25,32,-23,-18,-53,-27,-25,-40,-42,-96,-53,-40,-46,-71,-71,-87,-53,-56,-90,-74,-59,-89,-98,-97,-86,-100,-65,-139,-114,-91,-105,-68,-139,-150,-138,-97
2004-09-15 08:15:14,-131,-167,-120,-91,-115,-95,-108,-101,-163,-120,-121,-138,-132,-145,-149,-87,-191,-125,-127,-124,-162,-113,-125,-182,-101,-118,-90,-111,-153,-108,-168,-173,-152,-60,-134,-141,-162,-113,-138,-127,-105,-123,-141,-155,-184,-149,-147,-134,-131,-80
2004-09-15 08:15:15,-113,-148,-152,-128,-136,-115,-123,-82,-86,-129,-62,-56,-47,-26,46,-4,12,0,38,50,64,68,70,37,120,84,117,174,171,156,146,185,162,163,212,183,158,223,182,253,199,272,212,242,247,220,222,230,224,260
2004-09-15 08:15:16,234,177,229,259,285,183,203,192,206,224,137,143,142,168,60,80,94,66,99,55,95,98,31,52,56,15,-25,-11,21,-22,13,-6,-15,32,-52,-50,-29,-26,-50,-48,-69,-29,-29,-57,-63,-79,-90,-130,-76,-66
2004-09-15 08:15:17,-110,-95,-77,-30,-73,-58,-96,-70,-103,-97,-107,-170,-120,-145,-119,-151,-134,-105,-113,-103,-148,-106,-102,-125,-143,-142,-172,-144,-157,-119,-92,-162,-130,-116,-118,-156,-147,-201,-141,-97,-158,-149,-152,-125,-124,-143,-137,-120,-130,-110
2004-09-15 08:15:18,-179,-134,-174,-130,-157,-96,-155,-164,-110,-150,-168,-135,-153,-156,-137,-116,-130,-186,-91,-120,-89,-149,-96,-116,-63,-102,-99,-97,-45,-44,-49,-25,-4,-6,-4,-23,43,44,73,83,91,64,103,133,135,114,160,252,179,150
2004-09-15 08:15:19,184,221,179,237,258,261,189,235,196,253,227,241,265,257,211,198,214,215,208,247,205,226,248,214,182,192,197,161,150,164,162,136,110,130,111,52,76,14,55,88,52,-11,52,12,55,25,32,3,-14,-44
2004-09-15 08:15:20,-49,-24,-32,-10,-26,-11,-39,-49,-48,-78,-61,-69,-91,-19,-34,-46,-75,-66,-63,-118,-95,-53,-94,-132,-120,-97,-80,-73,-43,-85,-102,-95,-132,-141,-117,-130,-161,-102,-107,-164,-163,-105,-142,-152,-76,-126,-137,-126,-157,-125
2004-09-15 08:15:21,-105,-166,-159,-124,-148,-150,-119,-146,-173,-114,-140,-109,-126,-143,-174,-111,-185,-128,-134,-155,-105,-113,-148,-162,-116,-139,-106,-150,-88,-156,-137,-148,-166,-137,-158,-143,-114,-146,-85,-123,-209,-113,-106,-127,-36,-20,-20,6,30,-3
2004-09-15 08:15:22,7,43,31,24,70,35,25,92,82,88,115,182,160,154,130,194,210,221,192,191,207,259,204,214,254,203,234,302,226,233,210,242,221,278,246,223,255,246,201,163,214,146,134,190,172,79,93,74,105,115
2004-09-15 08:15:23,87,104,67,68,60,41,67,73,81,40,67,39,-11,16,-10,-9,-19,-9,-3,-18,-25,-60,-20,-50,-10,-31,-26,-49,-64,-94,-108,-94,-7,-59,-70,-51,-40,-72,-100,-101,-92,-74,-97,-93,-4,-75,-123,-99,-90,-101
2004-09-15 08:15:24,-115,-122,-99,-154,-137,-96,-121,-139,-135,-130,-87,-120,-99,-163,-125,-35,-152,-201,-138,-126,-118,-152,-131,-153,-116,-108,-124,-153,-161,-40,-130,-127,-138,-150,-112,-132,-128,-176,-190,-146,-149,-153,-137,-112,-106,-131,-155,-166,-128,-122
2004-09-15 08:15:25,-129,-130,-78,-120,-126,-108,-121,-117,-93,-132,-111,-60,-50,-60,-10,-7,-31,46,24,34,19,52,102,71,54,183,41,111,168,152,127,160,203,190,219,193,216,227,254,274,203,253,232,243,201,236,246,226,194,282
2004-09-15 08:15:26,220,248,193,270,199,211,215,215,174,171,149,135,142,136,159,139,119,99,64,89,27,59,74,68,77,52,46,11,21,39,1,-12,-50,-34,-24,21,-26,-42,-7,-54,-59,-57,-50,-32,-73,-49,-82,-79,-104,-48
2004-09-15 08:15:27,-61,-71,-45,-82,-117,-84,-97,-128,-125,-88,-111,-92,-123,-74,-105,-155,-53,-100,-132,-129,-122,-68,-137,-143,-159,-158,-80,-111,-82,-126,-109,-139,-122,-118,-122,-104,-153,-109,-114,-160,-135,-144,-125,-153,-127,-168,-157,-119,-174,-183
2004-09-15 08:15:28,-152,-185,-122,-167,-192,-132,-84,-137,-81,-177,-145,-140,-127,-185,-97,-134,-122,-159,-147,-155,-107,-114,-161,-57,-84,-74,-72,-114,-65,-52,-58,-43,-41,-33,-2,22,43,64,34,60,79,130,111,144,74,105,154,138,189,155
2004-09-15 08:15:29,194,147,230,215,206,261,254,246,228,261,209,184,233,174,220,271,240,220,224,234,211,214,192,220,217,138,174,139,165,171,144,97,87,103,96,53,48,121,43,65,19,-1,54,11,9,-13,24,26,-33,31
2004-09-15 08:15:30,26,-10,-17,-4,-40,-17,-65,-28,-25,-10,-37,-65,-75,-40,-92,-124,-50,-68,-109,-146,-60,-103,-93,-102,-66,-110,-88,-151,-82,-118,-137,-127,-116,-140,-115,-129,-138,-139,-85,-80,-141,-145,-130,-91,-53,-148,-103,-115,-116,-100
2004-09-15 08:15:31,-127,-146,-151,-178,-147,-163,-119,-136,-155,-124,-141,-170,-123,-95,-144,-161,-129,-103,-134,-104,-184,-118,-94,-173,-145,-133,-113,-201,-152,-142,-136,-144,-154,-171,-104,-101,-143,-134,-125,-144,-157,-84,-109,-90,-70,-52,-30,-58,21,16
2004-09-15 08:15:32,14,-11,81,14,66,16,85,138,159,111,93,115,111,218,203,201,174,192,197,201,254,227,297,235,256,266,170,261,235,213,209,205,242,186,231,205,206,250,194,224,208,236,187,208,174,198,133,144,157,170
2004-09-15 08:15:33,97,68,101,106,43,92,67,117,43,88,90,26,55,-24,50,-6,-1,3,-59,19,-49,-3,-43,-13,-79,-40,-44,-52,-30,-43,-107,-61,-43,-77,-80,-107,-95,-49,-63,-119,-66,-104,-122,-92,-90,-106,-88,-98,-90,-117
2004-09-15 08:15:34,-80,-98,-88,-102,-138,-156,-155,-129,-153,-140,-127,-151,-148,-158,-102,-115,-126,-155,-147,-118,-146,-122,-113,-105,-104,-108,-192,-103,-111,-160,-148,-130,-202,-146,-157,-153,-83,-162,-116,-140,-164,-151,-104,-144,-109,-174,-159,-160,-123,-169
2004-09-15 08:15:35,-113,-125,-126,-125,-95,-97,-106,-78,-86,-61,-46,-70,-60,-28,-1,57,-65,-1,3,39,11,90,93,63,109,111,93,116,138,105,160,184,165,147,204,178,227,243,223,221,235,202,255,242,266,214,274,255,245,246
2004-09-15 08:15:36,236,233,225,210,208,175,201,203,169,160,195,162,185,97,133,81,88,81,87,78,62,8,48,94,8,38,-36,1,38,12,21,2,-8,-2,-50,24,-6,-3,1,-74,-47,-53,-50,-50,-79,-50,-83,-74,-55,-87
2004-09-15 08:15:37,-59,-75,-97,-98,-103,-77,-90,-136,-66,-118,-107,-117,-105,-145,-135,-162,-118,-99,-93,-86,-107,-136,-126,-66,-118,-128,-162,-101,-128,-171,-117,-176,-140,-116,-130,-145,-115,-91,-118,-157,-89,-102,-114,-157,-124,-158,-103,-124,-121,-106
2004-09-15 08:15:38,-107,-151,-163,-123,-111,-162,-124,-110,-125,-103,-127,-110,-127,-156,-137,-175,-164,-103,-150,-146,-154,-113,-156,-162,-96,-66,-61,-93,-90,-48,-88,6,-14,23,-14,51,51,72,100,68,71,104,102,157,128,126,125,178,147,194
2004-09-15 08:15:39,174,175,212,238,243,203,229,255,248,271,242,224,217,266,209,216,245,212,236,221,213,236,197,206,203,121,211,161,135,127,132,141,111,94,111,117,87,62,37,113,75,81,2,17,107,40,10,-12,22,-65
2004-09-15 08:15:40,22,0,-68,-2,-39,-15,-40,-86,-20,-43,-11,16,-93,-116,-110,-88,-57,-68,-46,-79,-88,-95,-48,-75,-136,-61,-117,-115,-100,-133,-107,-97,-118,-108,-140,-132,-146,-100,-152,-123,-119,-138,-96,-146,-136,-152,-162,-144,-97,-143
2004-09-15 08:15:41,-145,-128,-134,-161,-155,-114,-98,-137,-158,-139,-170,-87,-132,-137,-149,-193,-131,-153,-113,-185,-127,-147,-120,-129,-157,-161,-157,-141,-127,-121,-129,-141,-156,-141,-107,-167,-107,-147,-102,-99,-161,-48,-70,-114,-91,-33,-40,-27,-6,3
2004-09-15 08:15:42,48,7,28,59,13,41,65,53,80,146,155,109,131,134,146,174,159,215,200,270,265,257,211,254,260,205,276,237,202,267,235,243,253,251,235,211,278,325,187,221,183,219,179,172,141,169,185,156,141,107
2004-09-15 08:15:43,106,91,100,115,41,59,102,54,30,96,55,42,23,16,26,20,10,-23,-42,-32,-26,-69,-31,-17,-5,-37,-46,-61,-93,-79,-64,-67,-73,-91,-130,-52,-60,-102,-112,-111,-91,-115,-67,-82,-89,-112,-105,-106,-121,-148
2004-09-15 08:15:44,-83,-102,-114,-153,-144,-109,-89,-94,-160,-106,-97,-127,-94,-149,-130,-121,-111,-119,-112,-122,-162,-116,-157,-105,-148,-127,-123,-105,-135,-152,-129,-133,-121,-102,-66,-124,-137,-139,-153,-168,-142,-150,-102,-130,-136,-138,-131,-128,-162,-186
2004-09-15 08:15:45,-141,-133,-172,-122,-128,-106,-133,-152,-96,-107,-71,-46,-104,-34,-63,13,-7,25,-4,-15,-2,40,62,94,131,97,111,120,101,57,181,139,153,191,143,212,255,241,220,259,191,222,206,239,240,220,223,236,260,210
2004-09-15 08:15:46,235,232,245,194,241,264,168,187,190,157,192,163,185,161,95,131,60,109,138,72,99,43,96,65,-12,44,3,2,46,-1,46,42,2,12,-6,46,-32,-30,-59,-48,-26,-41,-44,-37,-64,-83,-72,-88,-60,-89
2004-09-15 08:15:47,-55,-75,-58,-65,-65,-50,-59,-111,-65,-83,-69,-104,-73,-67,-89,-119,-125,-144,-77,-80,-84,-127,-130,-64,-128,-143,-107,-114,-57,-114,-74,-121,-102,-128,-110,-121,-98,-136,-132,-126,-140,-115,-134,-77,-120,-154,-144,-130,-106,-120
2004-09-15 08:15:48,-55,-115,-121,-150,-92,-148,-191,-114,-117,-131,-147,-128,-146,-133,-114,-111,-116,-144,-141,-156,-169,-94,-57,-105,-86,-78,-67,-99,-48,-48,-25,-42,-23,24,14,16,90,15,53,89,95,89,92,143,163,93,112,171,154,166
2004-09-15 08:15:49,158,202,205,216,242,250,236,221,229,217,227,231,217,232,206,210,268,247,204,224,245,194,217,215,233,205,182,157,183,164,174,101,140,94,108,84,62,51,80,63,21,87,-22,82,68,-2,23,48,3,10
2004-09-15 08:15:50,7,24,-33,-19,-4,-24,24,-77,-24,-16,-76,-50,-62,-82,-61,-75,-98,-103,-101,-110,-126,-76,-81,-84,-61,-71,-61,-64,-123,-107,-117,-117,-98,-67,-114,-127,-128,-107,-119,-146,-110,-66,-133,-137,-136,-118,-144,-133,-133,-127
2004-09-15 08:15:51,-145,-146,-134,-165,-88,-82,-130,-152,-128,-113,-123,-148,-127,-111,-141,-146,-163,-129,-154,-134,-141,-153,-147,-147,-140,-140,-133,-163,-129,-174,-120,-177,-156,-142,-147,-163,-136,-132,-151,-137,-95,-89,-106,-142,-47,-106,-67,-16,-49,-48
2004-09-15 08:15:52,10,29,30,73,57,66,90,46,97,88,115,93,95,136,104,194,191,243,235,189,219,199,223,273,200,224,239,257,214,193,238,247,244,229,276,227,259,246,231,171,212,214,218,198,179,201,152,204,139,79
2004-09-15 08:15:53,105,112,79,139,102,110,98,41,56,23,84,44,27,44,44,48,67,-10,-3,-42,-62,-63,-9,-75,2,-34,-19,-24,-75,-83,-46,-71,-63,-82,-101,-29,-89,-72,-107,-84,-59,-94,-80,-96,-70,-120,-110,-114,-79,-34
2004-09-15 08:15:54,-101,-71,-91,-98,-140,-86,-111,-74,-90,-111,-133,-115,-58,-95,-104,-136,-150,-119,-71,-94,-170,-158,-51,-149,-141,-155,-71,-218,-131,-153,-156,-111,-102,-132,-156,-117,-138,-195,-162,-151,-146,-159,-143,-140,-125,-95,-124,-97,-108,-133
2004-09-15 08:15:55,-140,-165,-148,-155,-146,-176,-61,-123,-79,-109,-32,-20,-69,-60,-31,-24,8,-42,54,-13,-16,-12,69,133,70,104,101,107,102,179,189,152,158,182,133,205,236,235,236,245,210,221,224,248,195,257,187,222,213,245
